;UNION;SPD;GRUENE;FDP;LINKE;AFD;OTHER;Total;Institute
07.11.2020;36;15;18;6;8;10;7;2.502;Forsa
31.10.2020;35;16;19;6;8;10;6;2.503;Forsa
24.10.2020;36;15;20;6;7;9;7;2.503;Forsa
17.10.2020;36;15;20;6;7;9;7;2.501;Forsa
10.10.2020;36;15;20;5;8;9;7;2.504;Forsa
03.10.2020;36;15;20;6;7;9;7;2.502;Forsa
26.09.2020;35;15;21;6;8;9;6;2.504;Forsa
19.09.2020;36;14;22;5;8;8;7;2.501;Forsa
12.09.2020;36;16;18;5;9;9;7;2.501;Forsa
05.09.2020;36;16;18;5;9;9;7;2.503;Forsa
29.08.2020;36;16;19;5;7;9;8;2.502;Forsa
22.08.2020;36;16;19;5;7;9;8;2.504;Forsa
15.08.2020;36;16;20;6;6;9;7;2.501;Forsa
08.08.2020;38;14;18;6;8;8;8;2.502;Forsa
01.08.2020;38;14;18;6;8;8;8;2.504;Forsa
25.07.2020;38;14;18;6;8;9;7;2.504;Forsa
18.07.2020;38;14;18;6;8;9;7;2.501;Forsa
11.07.2020;38;14;18;6;7;10;7;2.500;Forsa
04.07.2020;38;14;18;5;8;10;7;2.503;Forsa
27.06.2020;38;14;17;6;8;10;7;2.501;Forsa
20.06.2020;39;14;18;5;8;9;7;2.501;Forsa
13.06.2020;40;14;17;6;8;8;7;2.504;Forsa
06.06.2020;40;16;15;6;8;8;7;2.002;Forsa
30.05.2020;40;15;16;5;8;9;7;2.500;Forsa
23.05.2020;40;15;16;5;8;9;7;2.002;Forsa
16.05.2020;39;15;16;6;8;9;7;2.509;Forsa
09.05.2020;40;15;15;6;7;10;7;2.503;Forsa
02.05.2020;38;17;14;6;8;10;7;2.004;Forsa
25.04.2020;39;16;15;6;8;9;7;2.505;Forsa
18.04.2020;39;16;15;5;8;10;7;2.002;Forsa
11.04.2020;37;17;16;5;8;10;7;2.001;Forsa
04.04.2020;37;17;16;6;8;9;7;2.506;Forsa
28.03.2020;36;16;17;6;8;9;8;2.511;Forsa
26.03.2020;36;16;17;6;8;9;8;1.502;Forsa
21.03.2020;32;15;20;7;9;9;8;2.504;Forsa
14.03.2020;29;14;22;6;10;11;8;2.503;Forsa
07.03.2020;26;15;24;6;10;11;8;2.503;Forsa
29.02.2020;27;16;24;5;10;10;8;2.505;Forsa
22.02.2020;27;14;24;7;10;10;8;2.504;Forsa
15.02.2020;27;14;24;6;10;11;8;2.502;Forsa
08.02.2020;28;14;23;8;9;10;8;2.503;Forsa
01.02.2020;28;12;23;9;9;11;8;2.504;Forsa
25.01.2020;28;12;23;9;9;12;7;2.507;Forsa
18.01.2020;28;13;22;8;9;13;7;2.504;Forsa
11.01.2020;28;12;22;9;8;13;8;2.503;Forsa
21.12.2019;28;13;22;8;8;13;8;2.501;Forsa
14.12.2019;28;12;22;8;9;13;8;2.502;Forsa
07.12.2019;28;11;22;9;8;14;8;2.502;Forsa
30.11.2019;27;14;22;8;8;13;8;2.500;Forsa
23.11.2019;26;14;21;9;9;13;8;2.501;Forsa
16.11.2019;26;15;19;9;10;13;8;2.501;Forsa
09.11.2019;26;13;21;9;10;13;8;2.501;Forsa
02.11.2019;28;13;20;8;10;13;8;2.502;Forsa
26.10.2019;29;14;20;8;8;13;8;2.501;Forsa
19.10.2019;27;14;22;8;8;13;8;2.501;Forsa
12.10.2019;27;14;23;8;8;12;8;2.500;Forsa
05.10.2019;28;14;22;8;7;13;8;2.505;Forsa
28.09.2019;27;13;23;9;7;13;8;2.505;Forsa
21.09.2019;27;15;22;8;7;13;8;2.500;Forsa
14.09.2019;27;15;22;8;7;14;7;2.503;Forsa
07.09.2019;27;15;23;8;6;13;8;2.503;Forsa
31.08.2019;27;15;23;9;7;12;7;2.501;Forsa
24.08.2019;26;14;23;9;8;13;7;2.504;Forsa
17.08.2019;25;13;24;9;8;13;8;2.501;Forsa
10.08.2019;26;12;25;8;8;13;8;2.503;Forsa
03.08.2019;27;13;23;9;8;13;7;2.501;Forsa
27.07.2019;27;13;24;9;7;13;7;2.502;Forsa
20.07.2019;27;13;24;8;8;12;8;2.500;Forsa
13.07.2019;26;13;25;7;8;13;8;2.500;Forsa
06.07.2019;26;12;26;8;8;12;8;2.501;Forsa
29.06.2019;26;12;26;8;8;12;8;2.501;Forsa
22.06.2019;24;12;27;8;8;13;8;2.500;Forsa
15.06.2019;24;11;27;9;8;13;8;2.001;Forsa
08.06.2019;24;12;27;8;8;12;9;2.501;Forsa
01.06.2019;26;12;27;8;7;11;9;2.001;Forsa
27.05.2019;28;17;18;8;8;13;8;2.500;Forsa
20.05.2019;29;16;19;8;9;13;6;2.503;Forsa
13.05.2019;30;15;20;8;8;13;6;2.502;Forsa
06.05.2019;29;15;20;8;9;13;6;2.002;Forsa
29.04.2019;27;17;20;8;9;13;6;2.009;Forsa
22.04.2019;28;17;19;9;8;13;6;2.004;Forsa
13.04.2019;29;16;19;10;8;12;6;2.501;Forsa
06.04.2019;29;16;20;10;8;12;5;2.501;Forsa
30.03.2019;28;16;20;10;8;12;6;2.504;Forsa
23.03.2019;30;16;20;9;8;11;6;2.501;Forsa
16.03.2019;31;15;19;10;7;12;6;2.505;Forsa
09.03.2019;31;15;19;9;8;12;6;2.501;Forsa
04.03.2019;30;16;20;9;8;11;6;2.502;Forsa
23.02.2019;30;16;20;9;7;12;6;2.501;Forsa
16.02.2019;29;17;21;10;6;12;5;2.501;Forsa
09.02.2019;31;15;19;10;8;12;5;2.500;Forsa
02.02.2019;32;15;19;9;8;12;5;2.501;Forsa
26.01.2019;32;14;20;9;9;11;5;2.501;Forsa
19.01.2019;32;15;19;9;8;12;5;2.503;Forsa
12.01.2019;32;15;19;9;8;12;5;2.504;Forsa
05.01.2019;32;15;19;8;9;12;5;1.503;Forsa
22.12.2018;31;14;20;8;8;13;6;2.504;Forsa
15.12.2018;32;15;19;8;8;12;6;2.507;Forsa
10.12.2018;32;14;19;8;8;13;6;1.506;Forsa
07.12.2018;29;14;22;8;8;13;6;2.006;Forsa
01.12.2018;27;14;22;9;8;14;6;2.505;Forsa
24.11.2018;27;14;23;9;8;14;5;2.507;Forsa
17.11.2018;28;14;23;9;9;12;5;2.503;Forsa
11.11.2018;27;14;23;9;9;13;5;2.504;Forsa
03.11.2018;27;13;24;9;9;13;5;2.502;Forsa
27.10.2018;26;14;21;9;10;14;6;2.509;Forsa
20.10.2018;27;14;21;9;9;15;5;2.502;Forsa
13.10.2018;28;16;19;9;9;14;5;2.504;Forsa
06.10.2018;28;16;18;9;10;14;5;2.002;Forsa
29.09.2018;28;16;17;9;10;15;5;2.501;Forsa
22.09.2018;28;17;16;9;10;15;5;2.502;Forsa
15.09.2018;30;18;16;8;10;13;5;2.507;Forsa
08.09.2018;31;16;15;9;10;14;5;2.507;Forsa
01.09.2018;30;17;16;8;8;16;5;2.503;Forsa
25.08.2018;30;18;15;8;10;14;5;2.502;Forsa
18.08.2018;30;18;15;9;10;14;4;2.503;Forsa
11.08.2018;30;18;15;10;9;14;4;2.505;Forsa
04.08.2018;31;18;13;10;9;14;5;2.508;Forsa
28.07.2018;32;18;13;9;9;14;5;2.505;Forsa
21.07.2018;31;18;13;8;10;15;5;2.505;Forsa
14.07.2018;31;17;13;9;9;16;5;2.505;Forsa
07.07.2018;30;17;13;10;9;16;5;2.502;Forsa
30.06.2018;31;17;12;10;10;15;5;2.508;Forsa
24.06.2018;30;17;13;9;10;15;6;2.503;Forsa
16.06.2018;30;16;14;10;9;15;6;1.001;Forsa
16.06.2018;34;18;12;9;8;13;6;1.501;Forsa
09.06.2018;33;18;12;9;10;13;5;2.504;Forsa
02.06.2018;34;18;12;8;10;13;5;2.506;Forsa
27.05.2018;33;18;13;8;10;13;5;2.002;Forsa
19.05.2018;33;18;12;9;9;13;6;2.502;Forsa
12.05.2018;34;17;13;8;10;13;5;2.004;Forsa
05.05.2018;34;18;11;9;10;13;5;2.003;Forsa
28.04.2018;34;17;13;9;10;12;5;2.507;Forsa
23.04.2018;34;18;13;9;10;12;4;2.503;Forsa
14.04.2018;34;19;12;9;10;12;4;2.506;Forsa
07.04.2018;32;20;11;9;10;13;5;2.005;Forsa
31.03.2018;33;18;12;9;10;13;5;2.003;Forsa
24.03.2018;31;19;12;9;11;14;4;2.502;Forsa
17.03.2018;34;19;11;8;10;13;5;2.502;Forsa
11.03.2018;34;18;13;9;10;12;4;2.507;Forsa
05.03.2018;34;19;12;9;9;13;4;1.502;Forsa
03.03.2018;35;18;12;9;9;13;4;2.505;Forsa
24.02.2018;35;18;12;9;9;13;4;2.506;Forsa
17.02.2018;34;16;13;9;10;13;5;2.501;Forsa
09.02.2018;31;18;13;10;10;13;5;1.003;Forsa
05.02.2018;33;18;13;9;9;13;5;2.507;Forsa
29.01.2018;34;18;12;9;10;12;5;2.505;Forsa
22.01.2018;34;17;12;8;11;13;5;1.282;Forsa
21.01.2018;34;18;12;8;10;12;6;2.501;Forsa
18.01.2018;34;18;12;8;10;12;6;1.504;Forsa
15.01.2018;33;20;12;9;9;11;6;2.501;Forsa
07.01.2018;34;20;12;9;9;10;6;2.003;Forsa
27.12.2017;34;19;12;8;10;12;5;2.504;Forsa
16.12.2017;33;20;12;8;10;12;5;2.501;Forsa
10.12.2017;34;20;12;8;9;11;6;1.566;Forsa
10.12.2017;34;20;12;8;9;11;6;2.500;Forsa
04.12.2017;34;20;13;8;9;10;6;2.502;Forsa
27.11.2017;33;19;12;10;9;11;6;2.508;Forsa
20.11.2017;31;21;12;10;9;12;5;1.789;Forsa
20.11.2017;32;20;11;12;8;12;5;2.505;Forsa
13.11.2017;32;20;10;12;9;12;5;2.506;Forsa
06.11.2017;32;21;10;11;9;12;5;2.005;Forsa
01.11.2017;33;20;11;11;9;11;5;2.500;Forsa
25.10.2017;31;22;10;11;10;11;5;2.503;Forsa
18.10.2017;32;20;11;11;9;12;5;2.501;Forsa
11.10.2017;32;20;11;11;9;12;5;2.001;Forsa
04.10.2017;32;20;10;11;10;12;5;2.005;Forsa
22.09.2017;36;22;7;9,5;9,5;11;5;2.006;Forsa
19.09.2017;36;23;8;9;10;9;5;2.501;Forsa
13.09.2017;37;23;8;8;10;9;5;2.505;Forsa
08.09.2017;37;23;8;9;10;9;4;2.001;Forsa
06.09.2017;38;23;8;8;9;9;5;2.503;Forsa
30.08.2017;38;24;7;8;9;9;5;2.501;Forsa
23.08.2017;38;24;7;8;9;9;5;2.501;Forsa
16.08.2017;39;23;8;8;9;8;5;2.507;Forsa
09.08.2017;40;23;8;7;8;8;6;2.503;Forsa
02.08.2017;40;22;8;8;8;8;6;2.501;Forsa
26.07.2017;40;22;8;8;9;7;6;2.507;Forsa
19.07.2017;40;22;8;8;9;7;6;2.502;Forsa
11.07.2017;39;22;8;8;9;8;6;2.501;Forsa
05.07.2017;39;23;8;8;9;7;6;2.503;Forsa
29.06.2017;40;23;9;8;9;7;4;1.507;Forsa
28.06.2017;40;23;9;7;9;7;5;2.502;Forsa
21.06.2017;39;23;8;8;10;7;5;2.505;Forsa
13.06.2017;38;24;8;9;8;7;6;2.004;Forsa
07.06.2017;39;24;8;8;8;7;6;2.501;Forsa
31.05.2017;38;25;7;9;8;7;6;2.001;Forsa
23.05.2017;39;25;7;9;8;7;5;2.502;Forsa
17.05.2017;38;26;7;8;8;7;6;2.506;Forsa
10.05.2017;36;29;7;7;8;7;6;2.004;Forsa
03.05.2017;36;28;8;7;8;8;5;2.502;Forsa
26.04.2017;36;30;7;6;8;9;4;2.002;Forsa
19.04.2017;36;30;6;6;9;8;5;2.007;Forsa
11.04.2017;36;30;7;6;8;8;5;2.502;Forsa
04.04.2017;36;29;7;5;9;8;6;2.504;Forsa
29.03.2017;34;32;7;6;8;7;6;2.501;Forsa
22.03.2017;34;31;7;6;7;9;6;2.504;Forsa
15.03.2017;33;32;7;6;7;9;6;2.505;Forsa
08.03.2017;33;32;8;6;7;8;6;2.502;Forsa
01.03.2017;33;31;8;7;7;9;5;2.500;Forsa
22.02.2017;34;31;7;6;8;8;6;2.502;Forsa
15.02.2017;34;31;7;5;8;9;6;2.502;Forsa
08.02.2017;34;31;8;5;8;10;4;2.501;Forsa
01.02.2017;35;26;8;6;9;11;5;2.502;Forsa
25.01.2017;37;21;10;6;9;12;5;2.504;Forsa
18.01.2017;38;21;9;6;9;11;6;2.503;Forsa
11.01.2017;37;20;10;6;9;12;6;2.501;Forsa
04.01.2017;37;21;10;6;9;12;5;2.001;Forsa
28.12.2016;38;20;10;5;9;12;6;2.504;Forsa
20.12.2016;36;22;10;6;9;11;6;2.502;Forsa
14.12.2016;37;21;10;6;9;11;6;2.506;Forsa
07.12.2016;36;22;11;6;10;10;5;2.501;Forsa
30.11.2016;37;22;10;5;9;11;6;2.503;Forsa
23.11.2016;36;23;10;5;10;10;6;2.505;Forsa
16.11.2016;35;23;11;6;10;10;5;2.503;Forsa
09.11.2016;34;23;11;6;10;11;5;2.503;Forsa
02.11.2016;34;22;11;7;10;11;5;2.503;Forsa
26.10.2016;35;22;11;6;9;12;5;2.504;Forsa
19.10.2016;34;22;11;6;9;12;6;2.505;Forsa
12.10.2016;34;22;11;6;10;12;5;2.004;Forsa
05.10.2016;33;22;11;6;10;13;5;2.503;Forsa
28.09.2016;33;23;10;6;9;14;5;2.506;Forsa
21.09.2016;33;23;11;6;8;13;6;2.504;Forsa
14.09.2016;32;23;11;6;8;13;7;2.501;Forsa
07.09.2016;33;22;12;7;8;12;6;2.501;Forsa
31.08.2016;33;22;12;6;9;12;6;2.503;Forsa
24.08.2016;35;22;12;6;9;10;6;2.504;Forsa
17.08.2016;36;21;13;6;9;9;6;2.501;Forsa
10.08.2016;36;21;13;5;10;9;6;2.501;Forsa
03.08.2016;35;23;12;6;9;9;6;2.508;Forsa
26.07.2016;35;22;13;6;9;9;6;2.508;Forsa
20.07.2016;35;22;12;7;9;9;6;2.502;Forsa
13.07.2016;36;23;12;6;9;8;6;2.503;Forsa
06.07.2016;35;21;13;6;10;9;6;2.504;Forsa
28.06.2016;34;22;12;6;9;10;7;2.501;Forsa
22.06.2016;33;21;13;6;9;11;7;2.503;Forsa
15.06.2016;33;21;13;6;10;11;6;2.505;Forsa
08.06.2016;34;21;13;7;10;10;5;2.501;Forsa
01.06.2016;34;21;13;6;9;10;7;2.502;Forsa
24.05.2016;33;20;14;6;9;12;6;2.006;Forsa
17.05.2016;34;19;14;7;9;11;6;2.501;Forsa
11.05.2016;34;21;13;8;9;10;5;2.002;Forsa
03.05.2016;34;21;13;8;9;9;6;2.501;Forsa
27.04.2016;33;22;13;8;9;10;5;2.502;Forsa
20.04.2016;34;21;13;7;9;11;5;2.504;Forsa
13.04.2016;34;21;14;7;9;10;5;2.506;Forsa
06.04.2016;35;21;13;7;8;10;6;2.004;Forsa
30.03.2016;36;20;13;7;8;10;6;2.005;Forsa
22.03.2016;35;20;13;6;8;13;5;2.501;Forsa
16.03.2016;35;22;10;7;10;11;5;2.505;Forsa
09.03.2016;35;23;11;6;9;10;6;2.501;Forsa
02.03.2016;35;24;10;6;10;9;6;2.503;Forsa
24.02.2016;35;24;10;6;10;10;5;2.502;Forsa
17.02.2016;35;23;11;6;10;9;6;2.501;Forsa
10.02.2016;36;24;10;5;9;10;6;2.500;Forsa
03.02.2016;36;24;10;5;9;10;6;2.501;Forsa
27.01.2016;36;24;10;5;10;10;5;2.505;Forsa
19.01.2016;37;23;10;5;9;10;6;2.501;Forsa
13.01.2016;38;23;10;5;10;9;5;2.503;Forsa
06.01.2016;38;23;10;5;10;8;6;1.503;Forsa
29.12.2015;38;23;10;5;10;8;6;1.501;Forsa
22.12.2015;39;24;10;4;10;8;5;2.504;Forsa
15.12.2015;39;24;11;4;9;8;5;2.502;Forsa
09.12.2015;38;24;10;4;9;8;7;2.506;Forsa
02.12.2015;39;24;10;5;9;6;7;2.501;Forsa
25.11.2015;39;24;10;5;9;7;6;2.502;Forsa
17.11.2015;36;25;10;5;9;8;7;2.504;Forsa
11.11.2015;38;25;10;5;8;7;7;2.503;Forsa
04.11.2015;36;24;11;5;9;7;8;2.504;Forsa
28.10.2015;36;24;11;6;9;6;8;2.501;Forsa
21.10.2015;38;24;11;4;10;7;6;2.502;Forsa
14.10.2015;38;25;10;5;9;7;6;2.502;Forsa
07.10.2015;39;25;9;5;9;7;6;2.505;Forsa
30.09.2015;40;24;10;5;10;5;6;2.506;Forsa
23.09.2015;40;24;10;5;10;4;7;2.501;Forsa
16.09.2015;41;24;10;4;10;4;7;2.501;Forsa
09.09.2015;41;24;10;4;10;4;7;2.503;Forsa
02.09.2015;40;24;11;5;11;3;6;2.504;Forsa
26.08.2015;41;23;10;4;11;4;7;2.500;Forsa
19.08.2015;43;23;10;4;10;3;7;2.500;Forsa
12.08.2015;43;23;10;5;9;3;7;2.500;Forsa
05.08.2015;41;24;10;5;9;3;8;2.501;Forsa
29.07.2015;42;23;10;4;10;3;8;2.501;Forsa
22.07.2015;41;24;10;5;10;4;6;2.501;Forsa
14.07.2015;42;23;11;4;10;4;6;2.503;Forsa
08.07.2015;42;23;11;5;10;4;5;2.502;Forsa
01.07.2015;42;23;10;5;10;4;6;2.505;Forsa
24.06.2015;41;23;10;5;10;4;7;2.501;Forsa
17.06.2015;41;23;11;5;9;5;6;2.502;Forsa
10.06.2015;41;24;10;6;9;4;6;2.504;Forsa
02.06.2015;40;23;10;6;10;5;6;2.502;Forsa
27.05.2015;39;23;11;7;9;4;7;2.503;Forsa
20.05.2015;40;22;11;6;9;5;7;2.003;Forsa
12.05.2015;41;23;12;4;9;5;6;2.502;Forsa
06.05.2015;42;24;10;4;9;4;7;2.001;Forsa
29.04.2015;42;24;10;4;9;4;7;2.506;Forsa
22.04.2015;42;24;10;4;8;6;6;2.502;Forsa
15.04.2015;42;24;10;5;8;5;6;2.004;Forsa
08.04.2015;42;23;10;4;9;6;6;2.001;Forsa
31.03.2015;42;23;10;4;9;6;6;2.505;Forsa
25.03.2015;41;24;10;5;8;5;7;2.501;Forsa
18.03.2015;41;24;9;5;9;6;6;2.500;Forsa
11.03.2015;41;24;9;5;9;6;6;2.504;Forsa
04.03.2015;41;24;9;5;9;7;5;2.502;Forsa
25.02.2015;42;24;9;5;9;6;5;2.501;Forsa
18.02.2015;43;23;10;5;8;5;6;2.502;Forsa
11.02.2015;42;23;10;5;9;6;5;2.503;Forsa
04.02.2015;42;23;10;4;10;5;6;2.510;Forsa
28.01.2015;42;23;10;3;9;6;7;2.015;Forsa
21.01.2015;42;22;10;3;10;6;7;2.502;Forsa
14.01.2015;42;22;10;4;10;6;6;2.504;Forsa
07.01.2015;42;22;11;3;10;5;7;1.002;Forsa
01.01.2015;42;23;10;2;11;5;7;2.504;Forsa
16.12.2014;43;23;10;2;10;5;7;2.504;Forsa
10.12.2014;41;24;11;2;9;6;7;2.503;Forsa
03.12.2014;41;24;11;2;9;6;7;2.502;Forsa
26.11.2014;42;23;10;2;10;6;7;2.501;Forsa
19.11.2014;42;22;10;3;9;7;7;2.501;Forsa
12.11.2014;41;23;9;3;10;8;6;2.502;Forsa
05.11.2014;41;22;10;3;9;8;7;2.504;Forsa
29.10.2014;41;23;10;2;9;8;7;2.504;Forsa
22.10.2014;41;24;9;2;9;8;7;2.504;Forsa
15.10.2014;40;23;10;3;9;8;7;2.505;Forsa
07.10.2014;41;23;10;2;9;8;7;2.004;Forsa
01.10.2014;42;23;9;2;8;9;7;2.501;Forsa
23.09.2014;42;22;8;2;9;10;7;2.501;Forsa
17.09.2014;41;24;9;3;9;7;7;2.503;Forsa
10.09.2014;42;23;9;3;9;7;7;2.502;Forsa
03.09.2014;41;24;10;3;10;5;7;2.504;Forsa
27.08.2014;42;24;10;3;9;5;7;2.504;Forsa
20.08.2014;42;24;10;3;9;5;7;2.502;Forsa
13.08.2014;42;24;10;4;9;5;6;2.500;Forsa
06.08.2014;43;24;9;4;9;5;6;2.501;Forsa
30.07.2014;43;22;10;3;10;5;7;2.501;Forsa
23.07.2014;43;22;10;3;10;5;7;2.505;Forsa
16.07.2014;41;23;11;3;9;6;7;2.503;Forsa
09.07.2014;41;23;11;3;9;6;7;2.014;Forsa
02.07.2014;41;23;10;4;9;7;6;2.502;Forsa
25.06.2014;41;23;10;4;9;7;6;2.504;Forsa
17.06.2014;39;23;10;4;10;7;7;2.001;Forsa
11.06.2014;39;23;9;4;10;8;7;2.501;Forsa
04.06.2014;38;23;10;4;10;8;7;2.002;Forsa
27.05.2014;40;25;10;4;10;6;5;2.503;Forsa
21.05.2014;40;24;10;4;10;6;6;2.501;Forsa
14.05.2014;40;24;10;4;10;6;6;2.504;Forsa
07.05.2014;41;23;10;4;10;5;7;2.001;Forsa
29.04.2014;41;24;10;4;9;6;6;2.002;Forsa
23.04.2014;41;24;10;4;10;5;6;2.002;Forsa
15.04.2014;41;23;10;4;10;6;6;2.501;Forsa
09.04.2014;42;23;10;4;10;5;6;2.502;Forsa
02.04.2014;42;23;9;4;10;6;6;2.501;Forsa
26.03.2014;41;23;10;4;10;5;7;2.502;Forsa
19.03.2014;42;23;9;4;10;5;7;2.500;Forsa
12.03.2014;42;23;9;4;10;5;7;2.503;Forsa
05.03.2014;40;22;10;4;11;6;7;2.500;Forsa
26.02.2014;41;22;10;5;10;5;7;2.502;Forsa
19.02.2014;40;24;10;4;10;5;7;2.502;Forsa
12.02.2014;41;24;10;4;10;4;7;2.502;Forsa
05.02.2014;42;24;10;4;9;4;7;2.501;Forsa
29.01.2014;42;23;11;4;9;4;7;2.503;Forsa
22.01.2014;41;23;10;5;10;4;7;2.502;Forsa
15.01.2014;40;23;10;5;10;5;7;2.503;Forsa
08.01.2014;41;23;10;5;10;5;6;1.003;Forsa
01.01.2014;42;24;10;5;10;4;5;2.508;Forsa
17.12.2013;42;24;9;4;10;5;6;2.505;Forsa
11.12.2013;43;24;9;3;10;5;6;2.504;Forsa
04.12.2013;42;23;10;3;10;5;7;2.507;Forsa
27.11.2013;42;23;9;3;10;5;8;2.500;Forsa
20.11.2013;41;24;10;4;10;5;6;2.501;Forsa
13.11.2013;41;24;9;4;10;5;7;2.501;Forsa
06.11.2013;42;25;9;3;9;5;7;2.500;Forsa
30.10.2013;42;24;9;4;9;5;7;2.501;Forsa
23.10.2013;43;25;8;4;9;5;6;2.500;Forsa
16.10.2013;44;24;8;4;8;6;6;2.501;Forsa
09.10.2013;45;24;8;3;8;6;6;2.000;Forsa
01.10.2013;42;25;8;4;9;5;7;2.499;Forsa
30.10.2020;35;15;18;6;9;12;5;1.656;Yougov
25.09.2020;35;15;18;5;9;12;6;1.623;Yougov
28.08.2020;36;16;18;5;8;11;6;1.611;Yougov
06.08.2020;36;14;18;6;9;11;6;1.623;Yougov
26.06.2020;37;15;17;5;9;11;6;1.636;Yougov
28.05.2020;37;15;16;5;9;11;7;1.584;Yougov
30.04.2020;37;16;16;5;9;11;6;1.636;Yougov
03.04.2020;34;16;18;6;9;12;5;1.615;Yougov
06.03.2020;27;15;21;6;10;14;7;1.632;Yougov
18.12.2019;27;13;21;7;10;15;7;1.586;Yougov
27.11.2019;26;13;22;7;10;15;7;1.648;Yougov
06.11.2019;27;13;22;7;10;14;7;1.583;Yougov
03.10.2019;26;13;22;8;8;15;8;1.573;Yougov
11.09.2019;27;15;22;6;8;14;8;1.632;Yougov
31.07.2019;26;13;24;8;8;14;7;1.594;Yougov
03.07.2019;26;13;25;7;8;13;8;1.644;Yougov
23.05.2019;29;18;18;8;9;12;6;1.609;Yougov
03.05.2019;29;18;17;9;9;13;5;1.642;Yougov
28.03.2019;30;18;17;9;9;12;5;1.633;Yougov
27.02.2019;30;18;17;9;9;13;4;1.620;Yougov
31.01.2019;32;15;18;8;9;14;4;1.578;Yougov
28.12.2018;30;16;18;8;10;14;4;1.665;Yougov
28.11.2018;27;15;21;9;10;14;4;1.580;Yougov
07.11.2018;25;14;21;10;10;16;4;1.542;Yougov
27.09.2018;27;17;14;9;11;18;4;1.504;Yougov
30.08.2018;28;17;13;9;11;17;5;1.538;Yougov
25.07.2018;30;17;12;9;11;17;4;1.520;Yougov
27.06.2018;30;17;12;10;11;16;4;1.525;Yougov
30.05.2018;33;17;11;9;11;16;3;1.556;Yougov
25.04.2018;32;18;12;9;10;15;4;1.573;Yougov
28.03.2018;34;17;11;8;11;15;4;1.579;Yougov
28.02.2018;32;16;12;8;12;16;4;1.585;Yougov
25.01.2018;34;19;10;8;11;14;4;1.566;Yougov
28.12.2017;33;21;10;9;10;13;4;1.489;Yougov
29.11.2017;32;21;10;9;10;13;5;1.570;Yougov
21.09.2017;36;23;7;9;10;10;5;1.862;Yougov
13.09.2017;36;23;8;9;10;10;4;1.600;Yougov
06.09.2017;34;24;7;9;9;11;6;1.617;Yougov
30.08.2017;36;25;7;7;10;10;5;1.557;Yougov
24.08.2017;37;25;7;8;9;9;5;1.520;Yougov
16.08.2017;37;25;7;9;9;9;4;1.538;Yougov
10.08.2017;38;24;6;9;9;9;5;1.513;Yougov
03.08.2017;37;25;7;9;9;8;5;2.000;Yougov
27.07.2017;38;25;7;9;9;8;4;2.000;Yougov
12.07.2017;38;24;8;9;9;8;4;1.535;Yougov
29.06.2017;38;25;8;8;9;8;4;2.000;Yougov
23.06.2017;36;25;8;9;10;7;5;1.523;Yougov
02.06.2017;37;23;8;9;10;9;4;2.040;Yougov
19.05.2017;38;25;7;9;9;9;3;2.000;Yougov
12.05.2017;37;25;7;9;8;9;5;2.010;Yougov
05.05.2017;35;28;7;7;9;9;5;1.957;Yougov
23.10.2020;35,5;17,0;20,0;6,0;7,0;10,0;4,5;1.045;Allensbach
22.09.2020;37,0;17,0;19,5;6,0;7,0;9,0;4,5;1.043;Allensbach
27.08.2020;38,0;17,0;19,0;5,5;7,0;9,0;4,5;1.231;Allensbach
22.07.2020;38,0;15,5;20,0;5,5;7,5;9,0;4,5;1.237;Allensbach
18.06.2020;40,0;16,0;18,5;4,5;7,0;9,5;4,5;1.314;Allensbach
22.05.2020;38,0;15,5;19,0;5,5;7,0;9,0;6,0;1.013;Allensbach
24.04.2020;38,0;16,0;19,0;6,0;7,0;9,0;5,0;1.152;Allensbach
25.03.2020;29,0;16,5;23,0;7,0;8,0;11,5;5,0;1.219;Allensbach
19.02.2020;27,5;14,5;23,0;8,0;9,5;13,0;4,5;1.262;Allensbach
29.01.2020;28,5;14,0;23,5;8,0;8,0;13,0;5,0;1.273;Allensbach
19.12.2019;28,5;15,0;21,0;7,0;8,5;15,0;5,0;1.270;Allensbach
19.11.2019;29,5;14,0;21,5;7,5;8,0;14,5;5,0;1.298;Allensbach
16.10.2019;29,5;16,0;23,5;6,5;7,0;13,0;4,5;1.238;Allensbach
17.09.2019;29,0;15,0;22,0;7,0;8,0;14,0;5,0;1.255;Allensbach
21.08.2019;29,5;13,5;24,0;7,0;8,0;12,5;5,5;1.262;Allensbach
24.07.2019;29,5;14,5;23,0;7,0;8,5;11,5;6,0;1.228;Allensbach
21.06.2019;29,0;12,0;25,0;8,0;8,0;12,0;6,0;1.273;Allensbach
23.05.2019;30,0;17,5;17,0;9,0;8,5;13,0;5,0;1.283;Allensbach
18.04.2019;30,0;18,5;18,0;9,0;8,0;12,5;4,0;1.305;Allensbach
27.03.2019;30,0;18,0;19,0;8,5;8,5;12,0;4,0;1.198;Allensbach
19.02.2019;30,0;18,0;18,5;8,0;8,0;13,5;4,0;1.222;Allensbach
23.01.2019;31,5;16,5;18,0;8,5;8,5;13,0;4,0;1.249;Allensbach
20.12.2018;29,0;16,5;19,0;8,5;9,0;14,0;4,0;1.295;Allensbach
30.11.2018;28,0;17,0;19,0;9,5;9,0;13,5;4,0;1.242;Allensbach
18.10.2018;29,0;19,0;15,0;8,5;9,0;15,0;4,5;1.259;Allensbach
18.09.2018;31,5;19,5;12,5;8,5;9,0;15,0;4,0;1.258;Allensbach
15.08.2018;31,0;20,0;12,5;9,0;9,0;14,5;4,0;1.295;Allensbach
17.07.2018;30,5;20,0;12,0;9,5;9,0;15,0;4,0;1.295;Allensbach
20.06.2018;33,0;21,0;11,0;9,5;9,5;13,0;3,0;1.279;Allensbach
17.05.2018;34,0;20,0;11,0;9,0;10,0;11,5;4,5;1.253;Allensbach
25.04.2018;34,0;20,5;11,0;10,0;9,0;12,0;3,5;1.279;Allensbach
21.03.2018;34,0;19,0;11,0;10,0;10,0;12,5;3,5;1.256;Allensbach
23.02.2018;32,0;17,5;12,0;11,0;9,5;13,0;5,0;1.271;Allensbach
25.01.2018;34,0;21,0;10,5;10,0;8,5;12,0;4,0;1.221;Allensbach
21.12.2017;34,0;21,0;11,5;10,0;9,0;11,0;3,5;1.443;Allensbach
30.11.2017;33,0;21,5;11,0;10,0;9,0;11,0;4,5;1.299;Allensbach
25.10.2017;33,0;20,5;9,5;12,0;9,0;12,0;4,0;1.454;Allensbach
22.09.2017;36,0;22,0;8,0;10,5;9,5;10,0;4,0;1.074;Allensbach
19.09.2017;36,5;22,0;8,0;11,0;9,0;10,0;3,5;1.083;Allensbach
06.09.2017;38,5;24,0;7,5;10,0;8,0;8,0;4,0;1.043;Allensbach
22.08.2017;39,5;24,0;7,5;10,0;8,0;7,0;4,0;1.421;Allensbach
18.07.2017;39,5;25,0;7,0;9,0;9,0;7,0;3,5;1.403;Allensbach
20.06.2017;40,0;24,0;7,0;10,5;8,5;6,5;3,5;1.437;Allensbach
26.05.2017;37,0;26,0;8,0;9,0;8,0;8,0;4,0;1.457;Allensbach
25.04.2017;36,0;31,0;7,0;6,0;9,0;7,0;4,0;1.407;Allensbach
28.03.2017;34,0;33,0;7,5;6,5;8,0;7,0;4,0;1.397;Allensbach
22.02.2017;33,0;30,5;8,0;7,0;8,0;8,5;5,0;1.542;Allensbach
26.01.2017;36,0;23,0;9,0;7,0;9,5;11,5;4,0;1.441;Allensbach
22.12.2016;35,5;22,0;10,0;7,5;9,5;10,5;5,0;1.459;Allensbach
16.11.2016;34,0;23,0;11,0;7,5;9,0;10,5;5,0;1.436;Allensbach
20.10.2016;33,0;22,0;12,0;7,5;9,0;12,5;4,0;1.458;Allensbach
22.09.2016;33,5;24,0;11,0;7,0;7,0;12,5;5,0;1.407;Allensbach
24.08.2016;34,5;23,0;11,5;7,5;9,0;10,0;4,5;1.496;Allensbach
21.07.2016;35,5;22,5;12,0;7,0;9,5;9,5;4,0;1.466;Allensbach
15.06.2016;33,5;21,0;12,0;8,0;9,0;11,5;5,0;1.396;Allensbach
17.05.2016;33,5;21,0;11,5;8,0;9,0;12,5;4,5;1.474;Allensbach
20.04.2016;33,5;23,0;11,0;8,0;9,0;10,5;5,0;1.388;Allensbach
18.03.2016;35,0;24,5;10,0;7,0;9,0;10,5;4,0;1.456;Allensbach
17.02.2016;33,5;24,0;10,0;7,0;10,0;10,5;5,0;1.521;Allensbach
26.01.2016;35,0;25,0;9,0;6,5;9,5;10,0;5,0;1.431;Allensbach
16.12.2015;38,0;26,0;9,5;5,0;8,5;8,0;5,0;1.457;Allensbach
19.11.2015;37,5;26,0;9,5;5,5;9,5;7,0;5,0;1.448;Allensbach
20.10.2015;38,0;26,0;9,5;5,5;9,0;7,0;5,0;1.400;Allensbach
16.09.2015;42,0;25,5;9,5;6,0;8,5;3,5;5,0;1.400;Allensbach
19.08.2015;41,5;26,0;9,5;5,5;9,0;3,5;5,0;1.400;Allensbach
16.07.2015;40,5;25,5;10,0;5,5;9,5;4,0;5,0;1.200;Allensbach
18.06.2015;41,5;26,0;10,0;5,0;8,5;4,0;5,0;1.400;Allensbach
21.05.2015;41,5;25,5;9,5;5,0;9,0;5,0;4,5;1.450;Allensbach
16.04.2015;40,5;26,5;9,5;5,0;8,5;6,0;4,0;1.430;Allensbach
19.03.2015;41,5;26,0;9,5;5,0;8,0;6,0;4,0;1.500;Allensbach
19.02.2015;41,0;25,5;9,5;5,0;9,0;6,0;4,0;1.400;Allensbach
28.01.2015;41,5;25,0;10,5;4,0;8,5;6,0;4,5;1.455;Allensbach
17.12.2014;40,5;26,0;9,5;3,5;8,5;7,0;5,0;1.505;Allensbach
19.11.2014;40,5;27,0;9,5;3,5;8,0;6,5;5,0;?;Allensbach
21.10.2014;39,5;26,0;10,5;3,0;8,5;7,5;5,0;?;Allensbach
17.09.2014;41,0;25,5;10,0;4,0;8,5;6,5;4,5;?;Allensbach
20.08.2014;41,0;26,5;10,0;3,0;8,0;6,5;5,0;?;Allensbach
16.07.2014;40,5;25,0;11,0;3,5;8,5;6,0;5,5;?;Allensbach
20.06.2014;40,0;26,0;10,0;4,0;8,0;6,0;6,0;?;Allensbach
14.05.2014;39,5;26,0;10,5;5,0;8,0;5,5;5,5;?;Allensbach
16.04.2014;40,0;26,5;11,0;4,5;8,0;5,0;5,0;1.571;Allensbach
19.03.2014;40,5;25,0;10,0;5,0;9,0;5,0;5,5;?;Allensbach
20.02.2014;40,0;26,5;10,5;4,0;9,0;5,0;5,0;?;Allensbach
29.01.2014;40,0;26,0;10,0;5,0;8,5;5,0;5,5;?;Allensbach
19.12.2013;41,5;25,5;10,5;4,0;9,0;4,5;5,0;?;Allensbach
27.11.2013;40,0;26,5;10,0;4,0;9,5;5,0;5,0;?;Allensbach
23.10.2013;41,0;25,0;9,0;5,0;9,0;5,5;5,5;?;Allensbach
08.11.2020;36;16;18;7;8;9;6;1.415;Kantar
01.11.2020;35;15;19;7;8;10;6;1.987;Kantar
24.10.2020;35;15;19;6;8;11;6;1.434;Kantar
17.10.2020;35;16;19;6;8;10;6;2.407;Kantar
11.10.2020;34;17;20;5;8;9;7;1.411;Kantar
04.10.2020;35;16;18;6;9;11;5;2.397;Kantar
27.09.2020;36;16;18;6;8;11;5;1.509;Kantar
19.09.2020;36;16;18;5;8;11;6;1.534;Kantar
13.09.2020;36;17;18;6;8;10;5;1.446;Kantar
06.09.2020;36;17;18;6;7;11;5;1.447;Kantar
30.08.2020;36;16;18;6;8;11;5;1.597;Kantar
23.08.2020;36;17;16;7;8;10;6;2.107;Kantar
16.08.2020;36;18;16;6;8;11;5;1.912;Kantar
09.08.2020;38;15;18;6;8;11;4;1.564;Kantar
02.08.2020;37;16;17;6;8;10;6;1.449;Kantar
26.07.2020;37;15;18;6;8;11;5;2.031;Kantar
18.07.2020;38;16;17;6;8;10;5;1.449;Kantar
12.07.2020;38;15;17;6;8;11;5;1.426;Kantar
04.07.2020;37;16;19;6;8;10;4;1.436;Kantar
27.06.2020;37;16;18;6;8;10;5;1.550;Kantar
20.06.2020;38;15;17;7;8;10;5;2.403;Kantar
13.06.2020;39;15;17;7;7;9;6;1.934;Kantar
06.06.2020;38;15;16;7;8;8;8;1.428;Kantar
30.05.2020;40;16;15;8;7;9;5;1.934;Kantar
23.05.2020;38;16;15;7;8;10;6;1.914;Kantar
16.05.2020;39;16;14;6;8;11;6;1.559;Kantar
09.05.2020;38;17;14;5;8;12;6;1.426;Kantar
02.05.2020;37;15;15;6;9;12;6;1.443;Kantar
25.04.2020;38;16;15;6;9;11;5;2.003;Kantar
18.04.2020;37;18;16;7;8;9;5;1.534;Kantar
11.04.2020;37;17;16;6;9;10;5;1.912;Kantar
04.04.2020;33;18;18;6;9;11;5;1.426;Kantar
28.03.2020;32;18;19;6;9;11;5;1.441;Kantar
21.03.2020;28;16;21;7;9;13;6;1.603;Kantar
14.03.2020;26;17;21;7;8;14;7;1.414;Kantar
08.03.2020;24;17;22;7;9;14;7;1.423;Kantar
01.03.2020;25;16;22;6;10;14;7;1.509;Kantar
22.02.2020;27;15;20;7;10;14;7;1.417;Kantar
15.02.2020;28;15;20;6;10;15;6;1.886;Kantar
09.02.2020;28;15;20;8;9;15;5;1.889;Kantar
01.02.2020;27;15;21;8;9;14;6;1.442;Kantar
25.01.2020;26;14;21;9;10;15;5;2.100;Kantar
18.01.2020;26;15;21;9;9;14;6;2.009;Kantar
11.01.2020;27;14;21;9;9;14;6;1.829;Kantar
21.12.2019;27;15;20;9;9;14;6;1.899;Kantar
14.12.2019;28;16;20;9;9;13;5;1.978;Kantar
07.12.2019;28;16;20;9;8;13;6;1.876;Kantar
30.11.2019;28;15;20;8;9;14;6;1.910;Kantar
23.11.2019;28;15;20;9;9;13;6;1.905;Kantar
16.11.2019;27;17;18;8;10;14;6;1.525;Kantar
09.11.2019;26;16;18;10;10;14;6;1.431;Kantar
02.11.2019;27;16;18;9;9;15;6;1.920;Kantar
26.10.2019;29;15;20;8;9;14;5;1.441;Kantar
19.10.2019;29;15;20;7;9;13;7;1.444;Kantar
12.10.2019;28;14;21;7;8;15;7;1.916;Kantar
05.10.2019;27;15;21;8;8;15;6;1.449;Kantar
28.09.2019;27;16;21;7;8;15;6;1.719;Kantar
21.09.2019;29;15;21;8;8;14;5;1.639;Kantar
14.09.2019;28;16;21;8;7;15;5;2.835;Kantar
07.09.2019;29;16;21;7;8;14;5;1.884;Kantar
31.08.2019;29;15;22;7;7;14;6;1.434;Kantar
24.08.2019;27;15;23;8;8;14;5;1.555;Kantar
17.08.2019;27;14;22;8;9;14;6;1.897;Kantar
10.08.2019;26;14;22;9;9;14;6;2.388;Kantar
03.08.2019;26;13;23;9;8;14;7;1.419;Kantar
27.07.2019;26;14;23;9;8;13;7;1.520;Kantar
20.07.2019;27;14;22;9;9;13;6;1.908;Kantar
13.07.2019;26;15;24;8;9;13;5;2.377;Kantar
06.07.2019;26;13;24;7;9;14;7;2.389;Kantar
29.06.2019;26;13;25;8;8;14;6;1.906;Kantar
22.06.2019;27;12;25;7;8;14;7;1.910;Kantar
15.06.2019;25;12;27;8;8;13;7;2.377;Kantar
08.06.2019;27;12;27;8;7;12;7;1.903;Kantar
01.06.2019;28;16;20;8;8;13;7;1.413;Kantar
25.05.2019;29;17;17;9;9;13;6;1.895;Kantar
18.05.2019;29;16;18;9;9;13;6;1.975;Kantar
11.05.2019;29;16;19;9;9;13;5;2.393;Kantar
04.05.2019;28;17;19;9;9;13;5;1.903;Kantar
27.04.2019;28;17;18;9;10;13;5;1.433;Kantar
20.04.2019;28;18;19;8;9;13;5;2.709;Kantar
13.04.2019;30;17;17;9;9;12;6;2.559;Kantar
06.04.2019;31;17;18;8;9;12;5;2.335;Kantar
30.03.2019;30;16;17;9;9;13;6;2.361;Kantar
23.03.2019;31;17;17;8;8;14;5;1.518;Kantar
16.03.2019;31;16;17;8;9;13;6;1.904;Kantar
09.03.2019;31;17;16;8;9;14;5;1.906;Kantar
02.03.2019;29;18;16;8;10;14;5;1.420;Kantar
23.02.2019;29;19;16;9;9;13;5;1.511;Kantar
16.02.2019;30;19;15;8;10;13;5;1.891;Kantar
09.02.2019;30;17;17;9;9;13;5;1.900;Kantar
02.02.2019;29;16;18;10;8;15;4;1.434;Kantar
26.01.2019;29;16;19;9;9;14;4;2.017;Kantar
19.01.2019;30;15;18;8;9;14;6;1.448;Kantar
12.01.2019;31;15;18;8;9;14;5;1.964;Kantar
22.12.2018;29;15;19;9;9;14;5;1.889;Kantar
15.12.2018;30;15;20;8;8;14;5;1.997;Kantar
08.12.2018;29;15;19;9;9;14;5;2.469;Kantar
01.12.2018;28;15;19;9;9;15;5;1.531;Kantar
24.11.2018;26;15;21;9;9;15;5;2.361;Kantar
17.11.2018;26;15;21;8;9;15;6;1.987;Kantar
10.11.2018;25;15;22;8;9;15;6;1.518;Kantar
03.11.2018;25;14;21;9;10;15;6;1.815;Kantar
27.10.2018;24;15;20;10;10;16;5;1.905;Kantar
20.10.2018;25;15;19;10;10;15;6;1.609;Kantar
13.10.2018;26;17;17;9;11;15;5;1.899;Kantar
06.10.2018;27;17;16;9;10;16;5;1.515;Kantar
29.09.2018;27;16;15;10;11;17;4;1.902;Kantar
22.09.2018;28;17;14;9;11;16;5;2.368;Kantar
15.09.2018;30;18;13;9;10;15;5;1.978;Kantar
08.09.2018;29;17;14;9;10;15;6;2.472;Kantar
01.09.2018;30;19;14;9;9;15;4;2.390;Kantar
25.08.2018;30;18;15;9;9;14;5;1.891;Kantar
18.08.2018;30;17;15;9;9;15;5;2.942;Kantar
11.08.2018;31;17;15;8;10;14;5;2.502;Kantar
04.08.2018;30;18;15;8;9;15;5;2.478;Kantar
28.07.2018;29;18;14;9;10;15;5;2.001;Kantar
21.07.2018;30;19;12;9;10;15;5;2.476;Kantar
14.07.2018;30;18;12;9;10;16;5;2.368;Kantar
07.07.2018;30;17;12;9;9;17;6;1.894;Kantar
30.06.2018;32;19;12;9;9;14;5;1.954;Kantar
23.06.2018;31;18;12;9;10;16;4;2.336;Kantar
16.06.2018;33;18;11;8;11;15;4;2.310;Kantar
09.06.2018;32;19;12;8;11;14;4;1.950;Kantar
02.06.2018;32;18;13;7;11;15;4;1.397;Kantar
26.05.2018;33;17;13;8;11;14;4;1.946;Kantar
19.05.2018;33;17;13;9;10;14;4;2.030;Kantar
12.05.2018;33;17;12;9;10;14;5;1.489;Kantar
05.05.2018;34;17;12;8;10;14;5;1.507;Kantar
28.04.2018;32;18;12;9;11;14;4;2.350;Kantar
21.04.2018;33;18;12;9;11;13;4;2.437;Kantar
14.04.2018;33;18;11;9;11;14;4;1.786;Kantar
07.04.2018;34;17;12;8;11;13;5;1.414;Kantar
31.03.2018;34;18;12;8;11;12;5;1.982;Kantar
24.03.2018;34;18;12;9;10;13;4;1.972;Kantar
17.03.2018;33;19;11;9;10;14;4;1.959;Kantar
10.03.2018;33;19;12;8;10;13;5;1.869;Kantar
03.03.2018;33;16;12;9;11;15;4;1.890;Kantar
24.02.2018;33;17;11;10;11;15;3;1.985;Kantar
17.02.2018;33;19;11;9;10;14;4;1.478;Kantar
10.02.2018;34;20;11;9;9;12;5;1.226;Kantar
03.02.2018;33;20;11;9;10;13;4;1.247;Kantar
27.01.2018;34;20;11;8;10;12;5;1.513;Kantar
20.01.2018;33;21;10;8;10;13;5;1.419;Kantar
13.01.2018;34;21;11;8;9;13;4;1.899;Kantar
06.01.2018;33;20;12;9;9;12;5;1.440;Kantar
23.12.2017;33;21;11;8;10;12;5;1.861;Kantar
16.12.2017;32;22;11;8;9;13;5;1.865;Kantar
09.12.2017;33;21;11;9;10;12;4;1.880;Kantar
02.12.2017;33;21;10;9;10;12;5;1.888;Kantar
25.11.2017;33;22;10;9;10;11;5;1.225;Kantar
18.11.2017;31;21;11;10;9;13;5;1.842;Kantar
11.11.2017;30;22;10;11;10;13;4;1.392;Kantar
04.11.2017;31;21;11;10;10;12;5;1.476;Kantar
28.10.2017;31;22;10;11;9;12;5;2.296;Kantar
21.10.2017;32;21;10;11;9;12;5;2.304;Kantar
14.10.2017;31;21;10;11;10;12;5;1.960;Kantar
07.10.2017;32;22;9;10;10;12;5;1.490;Kantar
30.09.2017;33;21;10;11;10;12;3;1.038;Kantar
22.09.2017;35;22;8;9;10;11;5;1.994;Kantar
16.09.2017;36;22;8;9;10;11;4;1.888;Kantar
09.09.2017;37;24;8;8;9;9;5;1.869;Kantar
02.09.2017;38;24;8;8;9;8;5;1.889;Kantar
26.08.2017;38;23;7;9;9;8;6;1.979;Kantar
19.08.2017;39;24;8;8;9;7;5;1.426;Kantar
12.08.2017;38;24;7;8;10;8;5;1.886;Kantar
05.08.2017;38;23;8;8;10;8;5;2.453;Kantar
29.07.2017;38;24;8;8;9;9;4;1.921;Kantar
22.07.2017;38;25;8;8;9;8;4;2.349;Kantar
15.07.2017;38;25;8;7;9;8;5;1.263;Kantar
08.07.2017;38;25;8;8;9;7;5;1.878;Kantar
01.07.2017;39;24;8;8;9;7;5;936;Kantar
24.06.2017;39;24;8;7;9;8;5;1.363;Kantar
17.06.2017;39;25;7;7;9;8;5;2.054;Kantar
10.06.2017;39;25;8;7;9;8;4;1.398;Kantar
03.06.2017;38;27;7;7;8;8;5;1.838;Kantar
27.05.2017;38;25;8;8;8;8;5;1.703;Kantar
20.05.2017;38;26;7;7;9;8;5;2.413;Kantar
13.05.2017;37;27;8;6;10;8;4;1.837;Kantar
06.05.2017;36;28;7;6;9;9;5;1.935;Kantar
29.04.2017;36;29;7;6;9;9;4;2.439;Kantar
22.04.2017;36;31;6;5;9;9;4;1.412;Kantar
15.04.2017;35;31;7;6;9;9;3;2.436;Kantar
08.04.2017;35;33;7;5;8;9;3;1.958;Kantar
01.04.2017;33;33;7;6;8;8;5;2.416;Kantar
25.03.2017;33;33;8;5;8;9;4;2.450;Kantar
18.03.2017;33;32;8;5;8;9;5;1.832;Kantar
11.03.2017;33;33;7;6;8;8;5;1.882;Kantar
04.03.2017;33;32;7;6;8;10;4;1.403;Kantar
25.02.2017;32;32;7;7;8;9;5;1.880;Kantar
18.02.2017;32;33;7;6;8;9;5;1.885;Kantar
11.02.2017;33;32;7;6;8;10;4;1.966;Kantar
04.02.2017;33;29;8;6;8;11;5;2.233;Kantar
28.01.2017;37;23;10;6;10;11;3;1.996;Kantar
21.01.2017;36;21;9;6;11;12;5;2.805;Kantar
14.01.2017;37;21;10;6;10;12;4;1.878;Kantar
07.01.2017;38;22;10;5;9;12;4;834;Kantar
24.12.2016;36;21;10;6;10;13;4;2.326;Kantar
17.12.2016;36;22;11;5;10;12;4;2.411;Kantar
10.12.2016;36;22;10;5;10;13;4;2.426;Kantar
03.12.2016;37;22;11;5;10;12;3;2.658;Kantar
26.11.2016;35;23;11;5;9;12;5;2.426;Kantar
19.11.2016;33;24;12;5;9;13;4;2.859;Kantar
12.11.2016;34;23;11;5;10;12;5;2.782;Kantar
05.11.2016;34;22;11;5;10;12;6;1.678;Kantar
29.10.2016;34;23;11;5;10;12;5;1.840;Kantar
22.10.2016;33;23;11;5;10;13;5;1.961;Kantar
15.10.2016;32;24;11;6;9;13;5;2.827;Kantar
08.10.2016;32;23;12;6;10;12;5;1.866;Kantar
01.10.2016;32;23;11;7;10;12;5;1.939;Kantar
24.09.2016;32;23;11;6;9;14;5;2.798;Kantar
17.09.2016;32;24;11;5;9;14;5;2.780;Kantar
10.09.2016;33;23;11;6;9;13;5;2.423;Kantar
03.09.2016;34;23;11;6;9;12;5;1.966;Kantar
27.08.2016;34;22;12;5;10;11;6;1.981;Kantar
20.08.2016;34;23;13;5;9;10;6;2.358;Kantar
13.08.2016;34;22;12;6;10;11;5;2.352;Kantar
06.08.2016;34;22;12;6;10;11;5;2.815;Kantar
30.07.2016;35;23;11;5;9;12;5;2.815;Kantar
23.07.2016;35;23;12;5;10;10;5;1.870;Kantar
16.07.2016;35;24;12;5;9;10;5;1.973;Kantar
09.07.2016;35;23;13;5;9;10;5;1.402;Kantar
02.07.2016;33;23;12;6;10;11;5;1.936;Kantar
25.06.2016;32;23;13;6;9;12;5;1.905;Kantar
18.06.2016;33;22;13;6;9;12;5;2.744;Kantar
11.06.2016;34;21;14;6;9;11;5;1.838;Kantar
04.06.2016;33;22;13;6;9;12;5;1.851;Kantar
28.05.2016;33;21;12;6;9;14;5;2.881;Kantar
21.05.2016;32;22;12;6;9;13;6;1.485;Kantar
14.05.2016;33;23;13;5;9;13;4;1.922;Kantar
07.05.2016;32;22;12;6;9;14;5;1.838;Kantar
30.04.2016;33;22;12;6;9;13;5;2.805;Kantar
23.04.2016;33;22;13;6;9;12;5;2.393;Kantar
16.04.2016;33;22;13;7;9;11;5;1.941;Kantar
09.04.2016;34;22;13;7;8;12;4;2.240;Kantar
02.04.2016;33;22;13;6;8;13;5;1.405;Kantar
26.03.2016;34;22;13;6;9;12;4;2.828;Kantar
19.03.2016;34;22;13;6;9;13;3;2.424;Kantar
12.03.2016;36;24;11;5;9;11;4;2.340;Kantar
05.03.2016;35;24;10;5;10;11;5;1.869;Kantar
27.02.2016;36;24;10;5;9;11;5;1.978;Kantar
20.02.2016;35;24;10;4;10;12;5;2.409;Kantar
13.02.2016;35;24;9;5;9;12;6;2.090;Kantar
06.02.2016;35;24;9;4;10;12;6;2.306;Kantar
30.01.2016;34;24;9;5;10;12;6;1.638;Kantar
23.01.2016;36;25;9;5;9;10;6;1.875;Kantar
16.01.2016;38;24;10;5;9;9;5;2.016;Kantar
09.01.2016;39;23;10;4;10;8;6;940;Kantar
26.12.2015;39;24;9;4;10;9;5;1.832;Kantar
19.12.2015;38;25;9;5;9;8;6;2.821;Kantar
12.12.2015;37;26;9;4;10;8;6;2.321;Kantar
05.12.2015;37;25;10;4;10;8;6;2.352;Kantar
28.11.2015;38;25;10;4;10;8;5;2.356;Kantar
21.11.2015;37;26;9;5;9;7;7;2.319;Kantar
14.11.2015;37;25;10;5;9;8;6;2.412;Kantar
07.11.2015;36;26;10;4;9;9;6;2.442;Kantar
31.10.2015;36;25;10;5;10;8;6;1.869;Kantar
24.10.2015;36;26;10;5;10;7;6;2.312;Kantar
17.10.2015;37;26;9;5;10;7;6;1.496;Kantar
10.10.2015;38;25;9;5;10;6;7;1.871;Kantar
03.10.2015;40;25;9;4;10;5;7;2.329;Kantar
26.09.2015;40;25;10;4;10;6;5;1.956;Kantar
19.09.2015;40;24;10;5;9;5;7;1.882;Kantar
12.09.2015;41;25;11;4;10;4;5;2.332;Kantar
05.09.2015;41;24;11;4;10;4;6;2.800;Kantar
29.08.2015;41;24;10;4;10;4;7;2.311;Kantar
22.08.2015;42;24;10;4;10;4;6;2.311;Kantar
16.08.2015;43;24;11;4;10;3;5;2.436;Kantar
08.08.2015;43;24;10;4;10;4;5;1.858;Kantar
01.08.2015;43;24;10;4;9;3;7;1.860;Kantar
25.07.2015;43;24;10;4;10;3;6;1.471;Kantar
18.07.2015;43;25;11;4;9;4;4;1.942;Kantar
12.07.2015;42;26;10;4;10;3;5;1.842;Kantar
04.07.2015;40;24;11;4;10;5;6;2.247;Kantar
27.06.2015;41;24;10;4;10;5;6;2.746;Kantar
20.06.2015;40;25;10;5;9;5;6;2.716;Kantar
13.06.2015;40;25;10;5;9;5;6;2.277;Kantar
06.06.2015;40;25;10;5;10;5;5;1.467;Kantar
30.05.2015;40;25;10;6;9;5;5;1.816;Kantar
23.05.2015;40;26;9;5;9;5;6;2.302;Kantar
16.05.2015;40;25;10;4;9;5;7;1.941;Kantar
09.05.2015;40;25;10;3;10;6;6;1.848;Kantar
03.05.2015;41;25;10;3;9;6;6;3.631;Kantar
25.04.2015;41;25;10;4;8;6;6;3.210;Kantar
18.04.2015;41;25;10;4;9;6;5;2.326;Kantar
11.04.2015;41;25;10;4;9;5;6;1.404;Kantar
04.04.2015;42;25;9;4;9;5;6;2.299;Kantar
28.03.2015;42;25;9;5;8;6;5;1.854;Kantar
21.03.2015;41;24;10;4;9;6;6;1.006;Kantar
14.03.2015;41;24;11;4;9;6;5;1.925;Kantar
07.03.2015;40;25;10;4;9;7;5;2.318;Kantar
28.02.2015;41;25;9;4;9;6;6;2.307;Kantar
21.02.2015;41;26;9;4;9;6;5;2.337;Kantar
14.02.2015;41;25;10;4;10;6;4;1.947;Kantar
07.02.2015;40;26;10;3;10;5;6;1.859;Kantar
31.01.2015;40;25;10;3;10;6;6;1.889;Kantar
24.01.2015;41;25;10;4;9;6;5;1.850;Kantar
17.01.2015;42;24;9;4;9;7;5;3.243;Kantar
10.01.2015;43;24;9;3;9;7;5;2.864;Kantar
20.12.2014;42;25;9;2;9;7;6;2.755;Kantar
14.12.2014;41;25;10;3;9;6;6;2.764;Kantar
07.12.2014;41;26;10;3;9;6;5;2.789;Kantar
30.11.2014;41;25;10;3;9;7;5;2.307;Kantar
22.11.2014;42;25;10;3;8;6;6;2.331;Kantar
16.11.2014;41;24;10;3;9;7;6;2.313;Kantar
09.11.2014;41;25;9;2;9;7;7;2.333;Kantar
02.11.2014;41;25;9;3;9;7;6;2.312;Kantar
26.10.2014;41;25;9;3;9;6;7;2.309;Kantar
19.10.2014;42;24;9;3;9;7;6;2.778;Kantar
11.10.2014;42;24;10;2;8;8;6;2.323;Kantar
05.10.2014;41;24;10;2;9;9;5;2.753;Kantar
28.09.2014;40;25;9;2;10;8;6;2.760;Kantar
21.09.2014;40;25;9;3;9;8;6;2.319;Kantar
14.09.2014;41;25;9;3;9;7;6;2.285;Kantar
07.09.2014;42;25;9;3;10;6;5;2.766;Kantar
31.08.2014;43;26;9;3;9;5;5;2.418;Kantar
24.08.2014;41;26;10;4;9;4;6;3.215;Kantar
17.08.2014;41;27;10;3;9;4;6;1.865;Kantar
10.08.2014;41;27;9;3;9;5;6;2.802;Kantar
03.08.2014;42;25;10;3;9;5;6;1.940;Kantar
27.07.2014;41;25;10;3;10;5;6;2.762;Kantar
20.07.2014;40;26;10;3;9;5;7;2.414;Kantar
13.07.2014;40;25;11;3;9;5;7;2.258;Kantar
06.07.2014;40;25;10;3;9;6;7;2.287;Kantar
29.06.2014;40;25;10;3;9;7;6;2.287;Kantar
22.06.2014;39;25;10;4;9;7;6;1.845;Kantar
15.06.2014;39;25;11;4;10;6;5;2.311;Kantar
08.06.2014;39;25;10;3;10;7;6;2.299;Kantar
01.06.2014;39;25;10;4;10;6;6;2.311;Kantar
25.05.2014;39;24;10;5;10;6;6;2.312;Kantar
18.05.2014;39;25;10;5;10;6;5;2.791;Kantar
11.05.2014;40;25;11;4;9;5;6;2.306;Kantar
04.05.2014;40;25;10;4;10;5;6;2.203;Kantar
27.04.2014;41;24;10;4;10;5;6;1.859;Kantar
20.04.2014;40;25;10;4;9;6;6;2.313;Kantar
13.04.2014;42;23;9;4;10;6;6;2.327;Kantar
06.04.2014;41;24;10;3;10;6;6;2.271;Kantar
30.03.2014;41;25;11;3;10;5;5;2.380;Kantar
23.03.2014;41;25;10;3;10;5;6;2.762;Kantar
16.03.2014;41;24;11;4;10;5;5;2.780;Kantar
09.03.2014;42;23;10;3;10;5;7;2.304;Kantar
02.03.2014;40;24;10;4;10;5;7;2.763;Kantar
23.02.2014;41;24;10;4;10;5;6;2.421;Kantar
16.02.2014;41;24;11;4;10;5;5;2.388;Kantar
09.02.2014;42;25;10;4;9;4;6;2.301;Kantar
02.02.2014;42;25;9;4;10;4;6;2.295;Kantar
26.01.2014;41;26;9;5;9;4;6;2.772;Kantar
19.01.2014;41;26;8;4;10;5;6;2.305;Kantar
12.01.2014;42;25;9;4;9;5;6;1.402;Kantar
22.12.2013;41;25;9;4;9;5;7;2.346;Kantar
15.12.2013;42;25;9;4;9;5;6;1.901;Kantar
08.12.2013;42;26;9;3;9;5;6;2.291;Kantar
01.12.2013;41;26;9;4;9;5;6;2.389;Kantar
24.11.2013;42;25;10;3;9;5;6;2.204;Kantar
17.11.2013;41;25;10;3;9;5;7;2.765;Kantar
10.11.2013;41;26;10;3;9;5;6;2.296;Kantar
03.11.2013;42;25;9;3;9;5;7;2.768;Kantar
27.10.2013;41;26;10;3;9;5;6;3.219;Kantar
20.10.2013;42;25;9;3;10;5;6;2.334;Kantar
13.10.2013;42;25;9;3;10;6;5;1.833;Kantar
06.10.2013;42;25;8;4;9;6;6;1.849;Kantar
29.09.2013;43;26;7;3;9;6;6;1.382;Kantar
15.10.2020;35;15;20;6;7;11;6;1.038;Infratest
01.10.2020;35;15;21;6;8;10;5;1.501;Infratest
17.09.2020;36;16;20;5;8;10;5;1.051;Infratest
03.09.2020;36;17;19;6;7;10;5;1.527;Infratest
20.08.2020;37;16;17;6;8;10;6;1.065;Infratest
06.08.2020;38;15;18;6;7;11;5;1.511;Infratest
23.07.2020;37;14;20;5;7;11;6;1.064;Infratest
02.07.2020;37;16;20;5;7;10;5;1.503;Infratest
25.06.2020;37;16;20;5;7;10;5;1.068;Infratest
04.06.2020;38;15;19;6;8;9;5;1.505;Infratest
14.05.2020;38;15;18;6;7;10;6;1.074;Infratest
07.05.2020;39;16;18;5;8;9;5;1.503;Infratest
16.04.2020;38;17;19;5;7;9;5;1.057;Infratest
02.04.2020;34;16;22;5;7;10;6;1.502;Infratest
19.03.2020;30;14;23;7;9;10;7;1.035;Infratest
05.03.2020;27;16;23;6;9;12;7;1.502;Infratest
13.02.2020;26;16;22;7;9;14;6;1.007;Infratest
06.02.2020;27;14;22;8;9;14;6;1.503;Infratest
23.01.2020;26;14;24;8;8;14;6;1.043;Infratest
09.01.2020;27;13;23;9;8;14;6;1.506;Infratest
12.12.2019;27;14;21;8;8;15;7;1.038;Infratest
05.12.2019;25;13;23;9;8;15;7;1.507;Infratest
14.11.2019;25;15;22;7;9;14;8;1.046;Infratest
07.11.2019;26;14;22;8;9;14;7;1.507;Infratest
17.10.2019;28;14;22;7;8;14;7;1.062;Infratest
10.10.2019;28;13;24;7;8;14;6;1.504;Infratest
19.09.2019;27;14;23;8;8;14;6;1.067;Infratest
05.09.2019;27;14;23;7;7;15;7;1.514;Infratest
22.08.2019;26;14;25;7;7;14;7;1.063;Infratest
01.08.2019;26;12;26;8;7;14;7;1.503;Infratest
25.07.2019;26;13;26;9;8;12;6;1.046;Infratest
04.07.2019;25;13;26;8;8;13;7;1.506;Infratest
27.06.2019;26;13;25;9;7;12;8;1.051;Infratest
06.06.2019;25;12;26;8;7;13;9;1.500;Infratest
02.05.2019;28;18;20;8;9;12;5;1.505;Infratest
17.04.2019;29;16;21;8;8;13;5;1.051;Infratest
04.04.2019;29;17;20;9;8;12;5;1.503;Infratest
21.03.2019;29;18;19;9;8;12;5;1.041;Infratest
14.03.2019;29;17;19;8;9;13;5;1.508;Infratest
21.02.2019;30;18;18;8;8;12;6;1.029;Infratest
14.02.2019;29;17;19;9;8;13;5;1.503;Infratest
24.01.2019;28;15;20;9;8;15;5;1.051;Infratest
10.01.2019;29;15;20;9;9;14;4;1.505;Infratest
13.12.2018;31;15;20;8;8;13;5;1.048;Infratest
06.12.2018;30;14;20;8;8;14;6;1.502;Infratest
29.11.2018;28;14;21;9;8;15;5;1.052;Infratest
15.11.2018;26;14;23;8;9;14;6;1.506;Infratest
18.10.2018;25;14;19;11;9;16;6;1.040;Infratest
11.10.2018;26;15;17;10;10;16;6;1.508;Infratest
20.09.2018;28;17;15;9;10;18;3;1.035;Infratest
06.09.2018;29;18;14;8;10;16;5;1.502;Infratest
23.08.2018;29;18;14;8;9;17;5;1.047;Infratest
02.08.2018;29;18;15;7;9;17;5;1.508;Infratest
26.07.2018;30;18;15;8;8;16;5;1.047;Infratest
05.07.2018;30;18;14;8;9;16;5;1.505;Infratest
27.06.2018;32;19;13;8;9;14;5;1.025;Infratest
14.06.2018;31;18;13;8;10;15;5;1.506;Infratest
17.05.2018;33;17;13;8;10;14;5;1.009;Infratest
09.05.2018;32;18;13;8;9;15;5;1.507;Infratest
19.04.2018;32;17;12;10;10;15;4;1.039;Infratest
05.04.2018;33;18;12;9;10;14;4;1.503;Infratest
22.03.2018;33;19;12;9;10;13;4;1.038;Infratest
01.03.2018;34;18;11;9;9;15;4;1.502;Infratest
22.02.2018;34;17;12;9;10;14;4;1.052;Infratest
15.02.2018;33;16;13;9;11;15;3;1.001;Infratest
01.02.2018;33;18;11;10;11;14;3;1.502;Infratest
25.01.2018;33;19;11;10;10;12;5;1.043;Infratest
04.01.2018;33;21;11;9;9;13;4;1.506;Infratest
14.12.2017;32;20;12;9;9;13;5;1.029;Infratest
07.12.2017;32;21;11;9;10;13;4;1.504;Infratest
20.11.2017;32;22;11;10;10;11;4;1.011;Infratest
16.11.2017;31;21;11;11;10;12;4;1.382;Infratest
09.11.2017;30;21;11;12;9;13;4;1.505;Infratest
20.10.2017;31;21;11;12;9;12;4;1.026;Infratest
12.10.2017;32;20;10;11;10;11;6;1.506;Infratest
14.09.2017;37;20;7,5;9,5;9;12;5;1.503;Infratest
07.09.2017;37;21;8;9;10;11;4;1.503;Infratest
31.08.2017;37;23;8;8;9;11;4;1.411;Infratest
24.08.2017;38;22;8;9;9;10;4;1.035;Infratest
09.08.2017;39;24;8;8;9;8;4;1.505;Infratest
27.07.2017;40;23;8;8;8;9;4;1.004;Infratest
06.07.2017;39;23;8;9;9;9;3;1.500;Infratest
15.06.2017;39;24;7;9;8;8;5;1.018;Infratest
08.06.2017;38;24;7;10;8;9;4;1.503;Infratest
18.05.2017;38;26;8;9;6;9;4;1.017;Infratest
11.05.2017;37;27;8;8;7;10;3;1.500;Infratest
20.04.2017;35;30;7;6;8;10;4;934;Infratest
13.04.2017;34;31;8;6;7;11;3;1.502;Infratest
23.03.2017;32;32;8;6;7;11;4;1.023;Infratest
09.03.2017;32;31;8;6;8;11;4;1.502;Infratest
23.02.2017;31;32;8;6;7;11;5;1.047;Infratest
02.02.2017;34;28;8;6;8;12;4;1.506;Infratest
27.01.2017;35;23;9;6;8;14;5;1.029;Infratest
05.01.2017;37;20;9;5;9;15;5;1.505;Infratest
16.12.2016;36;21;10;6;9;13;5;1.005;Infratest
08.12.2016;35;22;11;5;9;13;5;1.504;Infratest
18.11.2016;32;23;13;6;9;12;5;1.014;Infratest
03.11.2016;33;22;12;6;9;13;5;1.505;Infratest
20.10.2016;33;22;12;5;9;14;5;1.018;Infratest
06.10.2016;33;22;11;6;9;14;5;1.503;Infratest
23.09.2016;32;22;12;6;8;16;4;1018;Infratest
01.09.2016;33;23;11;5;9;14;5;1.504;Infratest
26.08.2016;33;22;12;5;9;13;6;1.008;Infratest
04.08.2016;34;22;13;5;9;12;5;1.503;Infratest
15.07.2016;33;22;14;6;8;12;5;1.037;Infratest
07.07.2016;34;22;13;6;9;12;4;1.504;Infratest
17.06.2016;31;21;14;7;9;14;4;1.000;Infratest
02.06.2016;32;21;13;6;9;15;4;1.506;Infratest
20.05.2016;32;21;12;7;9;15;4;1.015;Infratest
04.05.2016;33;20;13;6;8;15;5;1.503;Infratest
22.04.2016;33;21;12;7;8;14;5;1.011;Infratest
07.04.2016;34;21;13;7;7;14;4;1.505;Infratest
24.03.2016;34;22;12;7;8;13;4;1.000;Infratest
29.02.2016;36;23;10;6;9;11;5;1.505;Infratest
26.02.2016;37;23;11;6;8;10;5;1.028;Infratest
03.02.2016;35;24;10;5;9;12;5;1.504;Infratest
15.01.2016;37;25;10;4;8;10;6;1.027;Infratest
07.01.2016;39;24;11;4;8;9;5;1.504;Infratest
18.12.2015;38;24;10;4;8;10;6;1.021;Infratest
03.12.2015;37;25;11;4;8;10;5;1.503;Infratest
20.11.2015;37;25;10;5;8;9;6;1.851;Infratest
05.11.2015;37;24;11;5;9;8;6;1.503;Infratest
23.10.2015;38;24;11;5;9;8;5;1.000;Infratest
01.10.2015;40;24;10;5;9;6;6;1.501;Infratest
11.09.2015;42;25;11;4;9;4;5;1.021;Infratest
03.09.2015;42;24;12;4;8;4;6;1.501;Infratest
14.08.2015;42;24;11;4;9;4;6;1.033;Infratest
30.07.2015;42;24;11;5;9;4;5;1.504;Infratest
17.07.2015;41;24;11;6;9;4;5;1.029;Infratest
02.07.2015;40;25;11;5;10;5;4;1.501;Infratest
19.06.2015;40;25;10;5;10;5;5;1.001;Infratest
03.06.2015;40;25;10;6;9;5;5;1.503;Infratest
21.05.2015;41;26;9;5;9;5;5;1.011;Infratest
07.05.2015;40;25;10;4;9;6;6;1.506;Infratest
24.04.2015;41;24;11;4;8;6;6;1.002;Infratest
02.04.2015;41;25;10;4;9;6;5;1.501;Infratest
13.03.2015;41;24;11;4;9;6;5;1.000;Infratest
05.03.2015;41;25;10;4;9;6;5;1.506;Infratest
13.02.2015;42;24;10;3;8;7;6;1.023;Infratest
05.02.2015;41;25;10;3;9;6;6;1.503;Infratest
16.01.2015;41;25;10;4;8;6;6;1.017;Infratest
08.01.2015;41;26;10;3;8;6;6;1.506;Infratest
19.12.2014;42;25;10;â€“;8;6;9;1.006;Infratest
04.12.2014;40;26;11;2;9;7;5;1.502;Infratest
21.11.2014;41;26;11;3;8;6;5;1.023;Infratest
06.11.2014;41;25;10;3;9;7;5;1.504;Infratest
24.10.2014;40;26;10;2;9;7;6;1.022;Infratest
02.10.2014;41;24;9;2;10;9;5;1.502;Infratest
26.09.2014;39;25;10;3;10;8;5;1.008;Infratest
04.09.2014;40;24;10;3;10;7;6;1.503;Infratest
29.08.2014;42;25;9;3;9;5;7;1.027;Infratest
07.08.2014;41;26;10;3;9;5;6;1.503;Infratest
18.07.2014;40;26;10;4;10;4;6;1.008;Infratest
03.07.2014;39;26;11;4;9;5;6;1.505;Infratest
20.06.2014;39;25;12;4;8;6;6;1.000;Infratest
05.06.2014;38;26;11;4;9;7;5;1.504;Infratest
16.05.2014;39;26;11;4;9;6;5;1.500;Infratest
30.04.2014;40;26;10;4;9;5;6;1.600;Infratest
25.04.2014;41;25;10;4;10;5;5;1.008;Infratest
03.04.2014;41;26;10;4;9;5;5;1.506;Infratest
28.03.2014;41;25;10;4;8;5;7;1.000;Infratest
06.03.2014;42;24;11;4;9;4;6;1.515;Infratest
28.02.2014;40;26;10;4;9;5;6;1.026;Infratest
06.02.2014;41;27;9;4;9;5;5;1.536;Infratest
31.01.2014;42;27;9;4;8;4;6;1.014;Infratest
09.01.2014;41;27;9;4;8;4;7;1.559;Infratest
20.12.2013;42;27;9;4;8;4;6;1.000;Infratest
05.12.2013;43;25;10;3;9;4;6;1.523;Infratest
22.11.2013;42;25;10;3;9;4;7;1.006;Infratest
07.11.2013;42;26;10;3;9;4;6;1.520;Infratest
25.10.2013;40;27;9;4;9;5;6;1.028;Infratest
10.10.2013;42;26;8;3;9;4,5;7,5;1.503;Infratest
03.11.2020;34,5;15,5;18;6,5;8,5;11;6;2.035;INSA
27.10.2020;35,5;14,5;17,5;6,5;7,5;12;6,5;2.069;INSA
20.10.2020;35;14,5;18;7,5;8;11,5;5,5;2.074;INSA
13.10.2020;35;14,5;18,5;7;8;11;6;2.084;INSA
06.10.2020;36;14,5;18,5;6;7;11,5;6,5;2.058;INSA
29.09.2020;35;15,5;19;6,5;6,5;11,5;6;2.065;INSA
22.09.2020;35;15,5;17,5;6,5;7,5;12;6;2.067;INSA
15.09.2020;35,5;16;17;7;7,5;11,5;5,5;2.036;INSA
08.09.2020;35;16;18;6,5;8;11;5,5;2.068;INSA
01.09.2020;36,5;16;17,5;6;7,5;11;5,5;2.068;INSA
25.08.2020;35,5;17;16;6,5;9;11;5;2.067;INSA
18.08.2020;36;18;16;6;8;11;5;2.101;INSA
12.08.2020;36;18;15;7;9;11;4;1.012;INSA
11.08.2020;36,5;16;16;6,5;8,5;11;5,5;2.036;INSA
04.08.2020;36,5;15;16,5;6,5;8,5;11;6;2.090;INSA
28.07.2020;36,5;15;16;7;8;11;6,5;2.039;INSA
21.07.2020;36,5;16;16;7,5;7,5;10;6,5;2.049;INSA
14.07.2020;37;14,5;16,5;7;8,5;11;5,5;2.051;INSA
07.07.2020;36;15;17;7;8;11;6;2.040;INSA
30.06.2020;36,5;16;17;7;8;10,5;5;2.051;INSA
22.06.2020;36,5;15;18,5;6;8,5;10;5,5;2.058;INSA
15.06.2020;37;15;18;7;8;10;5;2.069;INSA
09.06.2020;38;14;17,5;6,5;8,5;10;5,5;2.051;INSA
02.06.2020;38,5;14;18;5,5;8;10;6;2.047;INSA
25.05.2020;37;15;18;6;8;9,5;6,5;2.062;INSA
18.05.2020;37;14;18;6;7,5;10,5;7;2.092;INSA
12.05.2020;37,5;14;16,5;6,5;7,5;11;7;2.061;INSA
04.05.2020;37,5;15;17;6;7,5;11;6;2.101;INSA
28.04.2020;38;15,5;16;7;7;10,5;6;2.071;INSA
21.04.2020;38,5;15;16;7;7,5;10,5;5,5;2.054;INSA
14.04.2020;37,5;16;16;7;7,5;10,5;5,5;2.108;INSA
06.04.2020;38;16;18;5,5;7;10;5,5;2.062;INSA
31.03.2020;35;15;18;6,5;7,5;12;6;2.061;INSA
23.03.2020;33,5;15;20;6,5;7;12;6;2.070;INSA
16.03.2020;28,5;14,5;23;6,5;9,5;13;5;2.049;INSA
09.03.2020;26,5;15,5;22;6,5;9,5;14;6;2.050;INSA
03.03.2020;26,5;16;23;6;10;13,5;5;2.061;INSA
25.02.2020;26,5;14,5;22;7;10,5;13;6,5;2.033;INSA
18.02.2020;26,5;14,5;20,5;7,5;9,5;15;6,5;2.065;INSA
11.02.2020;27,5;12,5;22;8;10;14;6;2.086;INSA
03.02.2020;28;13;22;9;8;14;6;2.059;INSA
27.01.2020;27;14;20,5;9;8,5;15;6;2.081;INSA
21.01.2020;27,5;13;21;8,5;9,5;15;5,5;2.122;INSA
14.01.2020;27;12,5;21;9,5;9;15;6;2.040;INSA
06.01.2020;29;13;21,5;9;8,5;14;5;2.048;INSA
24.12.2019;28;13;21;10;8;15;5;2.034;INSA
16.12.2019;27;13;21;8,5;9,5;15;6;2.020;INSA
09.12.2019;28;14;20,5;8,5;8,5;15;5,5;2.052;INSA
02.12.2019;26,5;13,5;21,5;8,5;9;15;6;2.060;INSA
26.11.2019;26,5;14,5;22;8,5;9,5;14;5;2.069;INSA
18.11.2019;25;15,5;21;8,5;10;15;5;4.115;INSA
12.11.2019;25,5;15,5;20,5;8;9,5;15;6;2.096;INSA
04.11.2019;25,5;13,5;21;8;10;16;6;2.047;INSA
29.10.2019;26;13,5;23;7,5;9;15,5;5,5;2.042;INSA
22.10.2019;27;13,5;22,5;7,5;9;15;5,5;2.041;INSA
15.10.2019;28;14;21,5;7,5;8;15;6;2.052;INSA
08.10.2019;27;13;21;8,5;9;16;5,5;2.059;INSA
30.09.2019;26,5;13;22;8;8;16;6,5;2.058;INSA
23.09.2019;26;14;22;8;8;16;6;2.052;INSA
16.09.2019;26,5;13,5;22,5;7,5;7,5;16;6,5;2.053;INSA
10.09.2019;27;13,5;22;8;7,5;15,5;6,5;2.033;INSA
02.09.2019;26;14,5;23,5;8,5;7;15;5,5;2.017;INSA
26.08.2019;26;13;24;8;8;15;6;2.058;INSA
20.08.2019;26,5;13;24,5;9;8;14,5;4,5;2.056;INSA
13.08.2019;27,5;12;23,5;9;8;14,5;5,5;2.060;INSA
05.08.2019;27,5;11,5;23,5;9;9;15;4,5;2.049;INSA
30.07.2019;27;12,5;24,5;9;8;14,5;4,5;2.036;INSA
22.07.2019;28,5;12,5;22,5;8;8;14,5;6;2.081;INSA
15.07.2019;26;14;23;9;9;14;5;2.043;INSA
09.07.2019;27;13,5;24;8;8,5;14;5;2.069;INSA
01.07.2019;27;13;24;8;8;14;6;2.053;INSA
25.06.2019;25,5;12,5;25,5;8,5;9;13,5;5,5;2.078;INSA
18.06.2019;25;13;25;9;9;13,5;5,5;2.060;INSA
11.06.2019;24;13;26,5;9;7,5;13,5;6,5;2.074;INSA
03.06.2019;26;14;25;8;8;13;6;1.000;INSA
28.05.2019;27,5;15,5;19;9,5;9;13,5;6;2.039;INSA
21.05.2019;28;15,5;18,5;10;9;14;5;2.074;INSA
13.05.2019;28,5;16;19;9,5;9;14;4;2.044;INSA
07.05.2019;28,5;16;20;9;8,5;14;4;2.089;INSA
29.04.2019;28;16;19;10;9;14;4;2.005;INSA
23.04.2019;30;16;17;10;10;14;3;1.005;INSA
15.04.2019;30,5;15,5;18;9;9;14;4;2.013;INSA
09.04.2019;29;15,5;19;10;8,5;14;4;2.040;INSA
01.04.2019;29,5;16,5;17,5;10;8,5;13,5;4,5;4.000;INSA
26.03.2019;30,5;15,5;17,5;9;9;13,5;5;2.012;INSA
18.03.2019;29,5;16;17,5;9;9;14,5;4,5;2.030;INSA
12.03.2019;30,5;15;17,5;10;9;14,5;3,5;2.005;INSA
03.03.2019;29;17;15,5;10;10;14,5;4;4.000;INSA
26.02.2019;29,5;18;15,5;9,5;9;14;4,5;2.048;INSA
18.02.2019;30;18;15;9;9,5;14;4,5;2.046;INSA
11.02.2019;29,5;15,5;18,5;8,5;10,5;14;3,5;2.051;INSA
05.02.2019;30;14,5;18,5;8,5;10,5;14;4;2.034;INSA
28.01.2019;30;15;18;9;10;14;4;2.056;INSA
21.01.2019;31;13,5;19,5;9,5;9,5;13;4;2.044;INSA
14.01.2019;29;14,5;18;9,5;10,5;14,5;4;2.028;INSA
08.01.2019;30;15;17;10;10;15;3;2.056;INSA
04.01.2019;29;15;18;10;10;14;4;1.026;INSA
22.12.2018;29;14;19;9;9;15;5;1.029;INSA
18.12.2018;29;15;18;9,5;9,5;15;4;2.077;INSA
10.12.2018;29;15;17;10;10;15;4;2.047;INSA
03.12.2018;27,5;13,5;18;9,5;11;16;4,5;2.069;INSA
26.11.2018;27,5;14;19;8,5;10;16;5;2.062;INSA
19.11.2018;25,5;14,5;20;9,5;10;15,5;5;2.047;INSA
12.11.2018;25,5;14;20;9;10;16,5;5;2.070;INSA
05.11.2018;24,5;13,5;19;10;11;16,5;5,5;3.183;INSA
29.10.2018;25;14;20;9,5;11;16,5;4;2.052;INSA
23.10.2018;26;15;19;9;10,5;17;3,5;2.061;INSA
16.10.2018;26,5;15;17;9,5;10,5;18;3,5;2.061;INSA
09.10.2018;26;16;15;10;11;18;4;2.054;INSA
01.10.2018;26;16;14,5;10;11,5;18,5;3,5;2.041;INSA
24.09.2018;27;16;14,5;10;11,5;18;3;2.051;INSA
21.09.2018;27,5;16,5;14,5;10;11;17,5;3;1.040;INSA
17.09.2018;28,5;17;13;9;10,5;17,5;4,5;2.054;INSA
11.09.2018;28;17;13,5;9;10,5;17,5;4,5;2.042;INSA
03.09.2018;28,5;16;13,5;9,5;10;17;5,5;2.069;INSA
28.08.2018;28;16,5;13,5;10;10,5;16,5;5;2.079;INSA
21.08.2018;28;16,5;13,5;10;12;16;4;3.129;INSA
14.08.2018;29;17,5;12,5;9,5;11;17;3,5;2.034;INSA
07.08.2018;30;17;12,5;8,5;11;17;4;2.096;INSA
31.07.2018;29;18;12;9;10,5;17,5;4;2.074;INSA
24.07.2018;29;18;12;9;10,5;17,5;4;2.056;INSA
16.07.2018;29;17;13;9,5;10;17,5;4;2.084;INSA
09.07.2018;29;17;12;9,5;11;17,5;4;2.061;INSA
03.07.2018;29;19;12;9;11;16,5;3,5;2.089;INSA
26.06.2018;29;19,5;11;9;11;16;4,5;2.036;INSA
19.06.2018;29;19;11;8;12;16;5;2.060;INSA
12.06.2018;31;17;11;8;12;16;5;2.038;INSA
04.06.2018;32;17;11;8;11,5;16;4,5;2.067;INSA
29.05.2018;32;17;11,5;8;12;15,5;4;2.062;INSA
23.05.2018;32,5;16,5;11,5;8;11;15,5;5;2.044;INSA
14.05.2018;32,5;17;11,5;8;11;15,5;4,5;2.098;INSA
08.05.2018;32,5;17;11,5;8,5;10,5;15,5;4,5;2.065;INSA
30.04.2018;33;17;11,5;9;10,5;15,5;3,5;2.097;INSA
24.04.2018;31,5;18;12;9,5;10,5;15,5;3;2.091;INSA
17.04.2018;31,5;18,5;11,5;9;11;15;3,5;2.054;INSA
10.04.2018;31,5;17,5;11,5;9;12;15,5;3;2.048;INSA
03.04.2018;32;18;10;10;12;15;3;1.074;INSA
26.03.2018;32,5;17;10,5;10;12;15;3;2.051;INSA
20.03.2018;32;17,5;10,5;10;12;15;3;2.066;INSA
13.03.2018;32;17,5;11;9,5;12;15;3;2.033;INSA
05.03.2018;33;15;12;10;12;15;3;1.052;INSA
26.02.2018;32,5;15,5;12;9;12;16;3;1.063;INSA
19.02.2018;32;15,5;13;9;11;16;3,5;2.040;INSA
12.02.2018;29,5;16,5;13;10,5;11,5;15;4;2.608;INSA
05.02.2018;30,5;17;12,5;10;11;15;4;2.034;INSA
29.01.2018;33,5;17,5;11;9;11;14;4;2.073;INSA
23.01.2018;31,5;18;10;10;11;14;5,5;1.169;INSA
15.01.2018;31,5;18,5;10;9,5;11,5;14;5;2.000;INSA
08.01.2018;31,5;19,5;10;10;11;13,5;4,5;2.028;INSA
02.01.2018;32,5;19,5;10;10;11;13;4;2.012;INSA
23.12.2017;33;20,5;9,5;10,5;10;13;3,5;2.203;INSA
19.12.2017;31;21;10;9;11;14;4;2.031;INSA
12.12.2017;31;22;10,5;9;10,5;13,5;3,5;2.013;INSA
05.12.2017;31;22;10;10;11;13;3;2.063;INSA
27.11.2017;32;22;10;10;10;13;3;2.003;INSA
23.11.2017;32;21;10;12;10;12;3;1.069;INSA
21.11.2017;30;21;10;11;11;14;3;1.034;INSA
21.11.2017;31;21;9,5;10;11,5;14;3;2.027;INSA
14.11.2017;32;20;9;10,5;10,5;13,5;4,5;2.049;INSA
07.11.2017;31;22;8,5;10,5;10,5;13,5;4;2.023;INSA
30.10.2017;31;21;10;11;10;13;4;1.024;INSA
24.10.2017;33;21;9;10;10;13;4;1.002;INSA
16.10.2017;32;21,5;9,5;10;9;13;5;2.011;INSA
10.10.2017;32;22;9;11;9;13;4;2.015;INSA
01.10.2017;31;21;10;12;9;13;4;1.071;INSA
22.09.2017;34;21;8;9;11;13;4;2.000;INSA
18.09.2017;36;22;7;9;11;11;4;2.042;INSA
11.09.2017;36,5;23,5;6;9;10,5;11;3,5;2.054;INSA
04.09.2017;36,5;23,5;6,5;8,5;10;10,5;4,5;2.048;INSA
29.08.2017;37;24;6,5;8;10;10;4,5;2.034;INSA
22.08.2017;38;24;7;9;9;10;3;2.036;INSA
15.08.2017;37;25;7;9;9;10;3;2.025;INSA
07.08.2017;37;25;6,5;9;10,5;9;3;2.046;INSA
01.08.2017;37;24,5;7;9;10;9,5;3;2.046;INSA
25.07.2017;37,5;25;6,5;8,5;10,5;9;3;2.009;INSA
18.07.2017;36;25;6,5;8,5;9,5;10;4,5;2.026;INSA
10.07.2017;36;25;6,5;9;9,5;9,5;4,5;2.009;INSA
03.07.2017;36,5;25;6,5;9;10,5;9;3,5;2.044;INSA
27.06.2017;37;26;6,5;9;10;8,5;3;2.056;INSA
20.06.2017;36,5;25;6,5;9;11;9;3;2.040;INSA
12.06.2017;37,5;23,5;6,5;9;11;9;3,5;2.051;INSA
06.06.2017;38;23;7;9;11;8;4;2.037;INSA
29.05.2017;35,5;26;6;10;10;9;3,5;2.053;INSA
22.05.2017;36,5;26;6;9,5;10;8;4;2.042;INSA
16.05.2017;36;27;6;8;9;10;4;2.037;INSA
09.05.2017;35;27;7;7;10;10;4;2.067;INSA
02.05.2017;34;28,5;6,5;7;10,5;9;4,5;2.035;INSA
25.04.2017;34;30;6,5;6,5;9,5;10;3,5;2.041;INSA
19.04.2017;34;30,5;6;6,5;9;10;4;2.038;INSA
10.04.2017;33;31,5;6,5;6,5;8,5;10;4;2.030;INSA
03.04.2017;32;32,5;6,5;6,5;9;9;4,5;2.033;INSA
27.03.2017;32;32;6,5;6;8,5;11;4;2.034;INSA
20.03.2017;31;32;6,5;6,5;8,5;11,5;4;1.933;INSA
13.03.2017;31;31;6,5;7;8,5;11,5;4,5;2.051;INSA
07.03.2017;30,5;31,5;6,5;7,5;8,5;11;4,5;2.022;INSA
28.02.2017;30,5;32;6,5;7;8;11;5;2.004;INSA
21.02.2017;31,5;30;6,5;5,5;9,5;11;6;2.030;INSA
13.02.2017;30;31;7;5;10;12;5;2.028;INSA
06.02.2017;30;31;7;6;10;12;4;2.042;INSA
30.01.2017;32,5;26;7,5;6,5;10,5;13;4;2.088;INSA
23.01.2017;32,5;21;8,5;7,5;11;14,5;5;1.992;INSA
17.01.2017;33,5;21;8,5;7,5;11;13,5;5;2.031;INSA
09.01.2017;32;21;9;7;11;15;5;2.054;INSA
03.01.2017;32;21;10;6;11,5;15;4,5;2.099;INSA
23.12.2016;31,5;20,5;10;6;11,5;15,5;5;2.083;INSA
20.12.2016;33;21,5;10;6,5;11,5;13;4,5;2.116;INSA
13.12.2016;32;21,5;11,5;5,5;12;13;4,5;1.455;INSA
06.12.2016;32;22,5;10,5;5;11,5;14;4,5;2.080;INSA
28.11.2016;32,5;22;10;5,5;11,5;13,5;5;2.097;INSA
22.11.2016;31,5;22;10,5;5,5;10,5;15;5;2.030;INSA
14.11.2016;30;22,5;10,5;6,5;11,5;14,5;4,5;2.037;INSA
08.11.2016;30,5;22;11;7;10,5;13,5;5,5;2.045;INSA
02.11.2016;30,5;22,5;11;6,5;11,5;13;5;2.037;INSA
25.10.2016;30,5;22,5;11,5;6;11,5;14;4;2.043;INSA
18.10.2016;29,5;21,5;12;6,5;12,5;13,5;4,5;2.077;INSA
10.10.2016;29,5;22;11;6,5;12;15;4;2.085;INSA
05.10.2016;30;21;11,5;7;11,5;15;4;2.049;INSA
27.09.2016;30;21;10;7;11;15,5;5,5;2.048;INSA
19.09.2016;30;22;11;7;10;15;5;2.069;INSA
13.09.2016;30,5;21,5;11;7;10;15;5;2.035;INSA
05.09.2016;30,5;21,5;11,5;6,5;9,5;15;5,5;2.071;INSA
30.08.2016;30,5;21;11,5;7;10,5;14,5;5;2.013;INSA
23.08.2016;31;21;11,5;6,5;10,5;14;5,5;2.020;INSA
16.08.2016;31;20,5;11;7;11,5;13,5;5,5;2.046;INSA
09.08.2016;31,5;21;11,5;6,5;11,5;13;5;2.056;INSA
02.08.2016;31,5;21;11;6,5;11;13;6;1.973;INSA
26.07.2016;31,5;21,5;12;6,5;11,5;12;5;2.049;INSA
19.07.2016;32;21;12;7;11,5;11;5,5;2.038;INSA
11.07.2016;31;20,5;12;7,5;11;12,5;5,5;2.034;INSA
04.07.2016;30;21;12;8;10;14,5;4,5;2.001;INSA
27.06.2016;30;19;13;8;11;14;5;2.054;INSA
20.06.2016;31;20;13;7;11;13;5;2.017;INSA
13.06.2016;30;19,5;12;8;11;14;5,5;2.047;INSA
06.06.2016;30;19;13;8;10,5;14;5,5;2.032;INSA
31.05.2016;30;19;13;8;9,5;15;5,5;2.053;INSA
23.05.2016;30,5;19,5;13;7;10;15;5;2.022;INSA
17.05.2016;30,5;19,5;13;7,5;10,5;15;4;1.947;INSA
09.05.2016;30,5;19,5;13;8;10;15;4;2.048;INSA
02.05.2016;32;19,5;13;8;10;13,5;4;2.036;INSA
25.04.2016;31;19,5;14;8;10;13,5;4;2.054;INSA
18.04.2016;31,5;19,5;13;7;9,5;13,5;6;2.010;INSA
11.04.2016;31,5;19,5;13,5;7,5;9,5;12,5;6;1.997;INSA
04.04.2016;32;20;12,5;7,5;9;13;6;2.036;INSA
29.03.2016;32;20;12,5;6;11;13;5,5;1.873;INSA
21.03.2016;33;22;11;7;10,5;12;4,5;2.022;INSA
14.03.2016;32;22;10;6,5;11;13;5,5;2.004;INSA
08.03.2016;32,5;23;11;6,5;10;11,5;5,5;2.011;INSA
29.02.2016;32,5;23;11;6,5;11;11,5;4,5;2.007;INSA
22.02.2016;32,5;22,5;10,5;6,5;10;12,5;5,5;2.001;INSA
15.02.2016;32,5;22,5;11;7;9,5;12,5;5;2.014;INSA
09.02.2016;32,5;22;11;6;10,5;12;6;2.054;INSA
01.02.2016;33;23;10;6;10;12,5;5,5;2.007;INSA
25.01.2016;32,5;23;10;6;9;13;6,5;2.047;INSA
18.01.2016;32,5;22,5;9,5;6,5;10;12,5;6,5;2.051;INSA
11.01.2016;35;21,5;10;6;10;11,5;6;2.039;INSA
04.01.2016;36;22,5;10;5;10;9,5;7;2.022;INSA
21.12.2015;35,5;23;9,5;6;11;9,5;5,5;2.066;INSA
14.12.2015;35;23,5;9;5,5;10;10;7;2.030;INSA
08.12.2015;35;23,5;9,5;6;9,5;10;6,5;2.012;INSA
30.11.2015;34,5;23,5;9,5;5,5;9,5;10,5;7;2.016;INSA
23.11.2015;34,5;23;9;6;10,5;10;7;2.025;INSA
16.11.2015;35;23,5;10;5;10;10,5;6;2.057;INSA
09.11.2015;34;24;10;6;11;10;5;2.017;INSA
02.11.2015;35,5;24,5;10;5,5;10;8;6,5;2.173;INSA
27.10.2015;35;24,5;11;4,5;9,5;8,5;7;2.196;INSA
19.10.2015;37;25;9,5;5;9,5;7,5;6,5;2.173;INSA
12.10.2015;38;24,5;10;5;9;6,5;7;2.190;INSA
06.10.2015;39;24;9,5;5;10;6;6,5;2.183;INSA
28.09.2015;38,5;23,5;10,5;4;10,5;6;7;2.201;INSA
21.09.2015;39,5;24,5;9,5;4;10;6;6,5;2.187;INSA
14.09.2015;40;24;10;4;9,5;5,5;7;2.172;INSA
08.09.2015;41,5;24;10,5;4;9,5;5;5,5;2.151;INSA
31.08.2015;41,5;23,5;10;4;9,5;4,5;7;2.169;INSA
26.08.2015;42;23,5;10,5;4;9,5;3,5;7;2.169;INSA
17.08.2015;41;24,5;11;4,5;9;4;6;2.178;INSA
11.08.2015;42,5;23;10,5;4,5;9;4;6,5;2.161;INSA
03.08.2015;43;24,5;10;4;9,5;3;6;2.166;INSA
28.07.2015;41,5;25,5;9,5;4;9,5;3;7;2.167;INSA
20.07.2015;42;25;9,5;4;9,5;3;5,5;2.187;INSA
13.07.2015;42;25,5;9,5;4;9,5;3,5;6;2.178;INSA
07.07.2015;43;24;10;4;9;4;5;2.189;INSA
30.06.2015;39,5;24,5;9,5;5;9,5;4,5;5,5;2.187;INSA
23.06.2015;40;25;10;4;9,5;4,5;7;2.179;INSA
15.06.2015;41;24;9,5;4,5;10,5;4,5;6;2.177;INSA
10.06.2015;40;24;10;5;10;5;6;2.189;INSA
01.06.2015;41;25;10;5;8,5;5;5,5;2.168;INSA
27.05.2015;41;24,5;9,5;5;9,5;5,5;5;2.163;INSA
19.05.2015;40,5;24;10;4,5;9,5;5,5;6;2.175;INSA
13.05.2015;41,5;24,5;9;3;9,5;6;6,5;2.149;INSA
04.05.2015;41;25;9,5;3;9,5;6;4;2.148;INSA
27.04.2015;40,5;25;11;3;8,5;6;4,5;2.169;INSA
21.04.2015;41;24,5;10;3,5;9;6,5;5,5;2.174;INSA
14.04.2015;41;23,5;10;3;9,5;6,5;6,5;2.161;INSA
09.04.2015;42;24;9;3;9;6,5;6,5;2.174;INSA
31.03.2015;43;23,5;10;3;9;6;5,5;1.978;INSA
24.03.2015;41;24;9,5;4;9;6,5;6;2.012;INSA
17.03.2015;41;22,5;9,5;3,5;10;7,5;6;1.998;INSA
11.03.2015;41;24,5;9,5;3;9;7,5;5,5;1.997;INSA
02.03.2015;41;24;9,5;3;9;7,5;6;2.019;INSA
24.02.2015;41;24,5;9,5;3;8,5;7,5;6;1.992;INSA
18.02.2015;42;24;10;3;8,5;7;5,5;2.011;INSA
10.02.2015;40,5;25;10,5;3;8,5;7,5;5;2.005;INSA
02.02.2015;41;25;10;2,5;9;7;5,5;2.013;INSA
26.01.2015;42;24;10;3;8,5;7;5,5;2.005;INSA
20.01.2015;42;23;10;3,5;9;7;4;2.019;INSA
15.01.2015;43;23;10;2,5;9;7,5;3,5;2.058;INSA
06.01.2015;42,5;24;9;2;9,5;7,5;5,5;2.036;INSA
16.12.2014;41,5;24,5;9,5;2;10;7,5;5;2.017;INSA
11.12.2014;41;24;9,5;2;9,5;8;6;2.046;INSA
02.12.2014;41,5;23;9;2;10;8,5;6;2.047;INSA
24.11.2014;41;24;9;2,5;10,5;7,5;5,5;1.979;INSA
17.11.2014;40;25;10;2,5;10;7;5,5;2.017;INSA
11.11.2014;41;24,5;10;3,5;9;8;4;2.028;INSA
05.11.2014;41;25;9;2,5;9;8;4;2.020;INSA
28.10.2014;41;24;10;2;9;8;4,5;2.003;INSA
21.10.2014;40,5;24,5;9;2,5;9;8;5;2.005;INSA
13.10.2014;40;24;10;2;9;9;6;2.043;INSA
07.10.2014;39;24;11;3;8;8;7;2.030;INSA
29.09.2014;38,5;25;11;3;9,5;8,5;4,5;2.037;INSA
24.09.2014;39,5;24;10;3;9;8;6,5;2.019;INSA
16.09.2014;39;25;10;3,5;9,5;7;6;2.020;INSA
10.09.2014;39,5;23;11;3,5;9;6;6;2.030;INSA
02.09.2014;40;25;10;3;10;6;6;2.036;INSA
27.08.2014;42;25;10;3,5;9,5;5;5;1.998;INSA
20.08.2014;41;26;10;3,5;9;5;5,5;2.005;INSA
13.08.2014;42;26;9,5;3;9;5,5;5;2.006;INSA
05.08.2014;41;25;9,5;3;9,5;4,5;5,5;2.032;INSA
29.07.2014;40;24,5;10,5;3,5;9;5;6;2.014;INSA
23.07.2014;41;24;10;3,5;9;6;5;2.044;INSA
14.07.2014;40;24;11;3,5;9;6;5;2.018;INSA
08.07.2014;40;25;10;4;9;5,5;4;2.033;INSA
30.06.2014;41;24;10;3,5;9;6;4,5;2.044;INSA
23.06.2014;40,5;24;11;3;9;6;4,5;2.020;INSA
16.06.2014;39,5;25;11;4;8,5;6;4,5;1.993;INSA
11.06.2014;39;24,5;11;4,5;9;6,5;3,5;2.036;INSA
03.06.2014;38;26;11;3,5;9;6;4;2.014;INSA
27.05.2014;39;26;10;4;9;6;4;2.009;INSA
19.05.2014;40;25;10;4;9;5;5;2.009;INSA
13.05.2014;40;23,5;11;4;10;5,5;4;2.033;INSA
05.05.2014;41;25;11;3;9;5;4;2.082;INSA
29.04.2014;41,5;24;10;4,5;9;5,5;3,5;2.093;INSA
23.04.2014;41;24,5;10,5;4,5;9;5;3,5;2.089;INSA
14.04.2014;40,5;23,5;10;5;10;5,5;3,5;2.080;INSA
08.04.2014;41;24;10;4;10;6;3;2.085;INSA
01.04.2014;41;24,5;11;3;9;5;4,5;2.087;INSA
26.03.2014;41;25;10;4;10;5;3;2.088;INSA
19.03.2014;40,5;24,5;10;4;10;5;4;2.102;INSA
11.03.2014;41;25,5;10;4;8,5;5,5;3,5;2.085;INSA
04.03.2014;41;24,5;11;4;9,5;5;3;2.043;INSA
25.02.2014;40,5;25,5;10;4;9;5,5;3;2.100;INSA
17.02.2014;41;25;10;4;10;5;2,5;2.080;INSA
11.02.2014;41;26;9;4;9,5;5;3,5;2.102;INSA
03.02.2014;41,5;25;9,5;4;9;5;3,5;2.110;INSA
27.01.2014;41;26,5;9,5;4,5;8,5;4;3,5;2.079;INSA
22.01.2014;41;26;9,5;4,5;9;4;6;2.096;INSA
13.01.2014;41;26;10;4;9,5;4;5,5;2.083;INSA
06.01.2014;41,5;25;9;4;10;5;5,5;2.067;INSA
17.12.2013;42;27;9;4;9;4;5;2.100;INSA
09.12.2013;42;25;10;4;9,5;4,5;5;2.090;INSA
03.12.2013;42,5;24;11;3,5;9,5;4;5,5;2.093;INSA
27.11.2013;40,5;25,5;10,5;4;9;4;6,5;2.095;INSA
20.11.2013;41;25;10;4;9,5;4,5;6;2.093;INSA
12.11.2013;42;25;11;4;8,5;4,5;5;2.099;INSA
06.11.2013;42;26;10,5;3,5;9;4;5;2.086;INSA
30.10.2013;42;26,5;10;3,5;9;4,5;4,5;2.097;INSA
21.10.2013;43;26;10;3,5;8,5;4;5;2.117;INSA
15.10.2013;42;26;9;4;9;6;4;1.998;INSA
10.10.2013;43;25;9;4;9;5;2;2.030;INSA
19.09.2013;38;28;8;6;9;5;3;2.248;INSA
15.09.2013;38;27;11;4;8;4;?;2.132;INSA
09.09.2013;39;28;11;4;8;3;3;2.132;INSA
02.09.2013;39;26;13;5;8;3;2;2.135;INSA
26.08.2013;39;25;14;6;7;3;1;2.128;INSA
20.08.2013;38;26;15;5;8;3;1;2.122;INSA
13.08.2013;39;26;14;5;8;3;2;2.121;INSA
05.08.2013;39;26;14;5;8;2;3;2.131;INSA
30.07.2013;39;26;15;4;7;3;3;2.128;INSA
23.07.2013;38;26;15;5;7;3;3;2.132;INSA
16.07.2013;38;26;15;5;8;3;2;2.122;INSA
09.07.2013;39;26;14;5;7;3;3;2.125;INSA
01.07.2013;40;25;15;4;7;3;2;2.121;INSA
24.06.2013;39;26;16;4;7;2;3;2.129;INSA
19.06.2013;40;25;15;4;7;3;2;2.317;INSA
11.06.2013;39;26;14;5;7;3;3;2.005;INSA
04.06.2013;39;27;15;4;6;3;2;2.633;INSA
01.06.2013;39;26;14;4;7;4;2;1.025;INSA
27.05.2013;39;25;14;4;7;3;4;2.019;INSA
22.05.2013;38;26;13;5;8;3;3;2.009;INSA
17.05.2013;37;27;14;4;8;3;2;1.023;INSA
13.05.2013;37;27;15;4;7;3;3;2.015;INSA
07.05.2013;37;26;15;5;7;3;3;2.044;INSA
29.04.2013;38;26;16;5;7;3;2;2.000;INSA
22.04.2013;38;26;15;5;6;5;2;2.030;INSA
21.04.2013;39;26;14;5;6;4;3;1.030;INSA
16.04.2013;39;26;15;5;6;3;2;2.018;INSA
09.04.2013;39;26;16;5;7;â€“;3;2.018;INSA
25.03.2013;39;27;14;5;8;â€“;3;2.006;INSA
22.03.2013;40;27;15;5;7;â€“;3;2.011;INSA
12.03.2013;40;27;16;5;6;â€“;2;2.022;INSA
04.03.2013;41;26;15;5;7;â€“;2;2.006;INSA
26.02.2013;40;28;15;5;7;â€“;2;2.028;INSA
19.02.2013;40;29;15;5;6;â€“;2;2.023;INSA
12.02.2013;39;29;15;4;6;â€“;3;2.011;INSA
04.02.2013;40;29;15;4;6;â€“;2;2.017;INSA
29.01.2013;40;28;15;5;6;â€“;2;2.012;INSA
22.01.2013;41;27;14;4;7;â€“;3;1.997;INSA
15.01.2013;39;28;15;4;7;â€“;2;2.023;INSA
07.01.2013;39;28;14;4;7;â€“;3;2.026;INSA
18.12.2012;36;29;13;5;7;â€“;4;2.012;INSA
11.12.2012;37;29;14;4;7;â€“;4;2.020;INSA
04.12.2012;35;29;15;5;7;â€“;3;2.022;INSA
27.11.2012;36;29;15;4;7;â€“;3;2.041;INSA
19.11.2012;38;29;14;4;7;â€“;2;2.019;INSA
13.11.2012;38;30;14;5;6;â€“;2;2.023;INSA
06.11.2012;38;30;14;4;6;â€“;3;2.003;INSA
30.10.2012;37;30;13;4;7;â€“;3;2.034;INSA
23.10.2012;35;32;13;4;7;â€“;3;2.019;INSA
15.10.2012;36;31;12;4;7;â€“;4;2.013;INSA
09.10.2012;36;30;11;5;7;â€“;4;2.006;INSA
02.10.2012;36;29;13;4;7;â€“;4;2.008;INSA
25.09.2012;36;30;14;5;6;â€“;3;2.030;INSA
20.09.2012;36;29;13;4;7;â€“;4;2.039;INSA
11.09.2012;37;28;14;4;6;â€“;3;2.029;INSA
04.09.2012;36;29;14;4;6;â€“;3;2.014;INSA
28.08.2012;35;29;15;4;6;â€“;3;2.020;INSA
21.08.2012;36;28;15;4;6;â€“;3;2.034;INSA
14.08.2012;35;30;14;4;6;â€“;3;2.031;INSA
07.08.2012;36;30;13;5;6;â€“;2;2.046;INSA
02.08.2012;35;31;15;4;6;â€“;2;2.020;INSA
24.07.2012;35;30;15;5;6;â€“;2;2.037;INSA
17.07.2012;36;29;14;4;6;â€“;2;2.020;INSA
10.07.2012;35;28;14;4;6;â€“;?;2.041;INSA
03.07.2012;35;29;14;4;5;â€“;3;2.021;INSA
25.06.2012;34;31;14;5;6;â€“;4;1.987;INSA
19.06.2012;35;31;14;5;5;â€“;3;2.023;INSA
12.06.2012;35;31;13;5;5;â€“;4;1.999;INSA
05.06.2012;34;32;14;5;4;â€“;4;2.019;INSA
29.05.2012;33;31;14;5;5;â€“;4;2.027;INSA
22.05.2012;33;32;14;4;6;â€“;3;2.013;INSA
15.05.2012;34;29;14;5;6;â€“;3;2.031;INSA
09.05.2012;35;27;15;5;6;â€“;4;2.015;INSA
01.05.2012;36;27;13;4;7;â€“;4;2.098;INSA
23.04.2012;35;26;15;4;6;â€“;4;2.097;INSA
16.04.2012;36;27;13;4;7;â€“;4;2.075;INSA
11.04.2012;35;28;13;4;7;â€“;4;2.100;INSA
03.04.2012;36;29;14;4;6;â€“;3;2.085;INSA
27.03.2012;36;29;15;4;7;â€“;3;2.099;INSA